Episode,Memory Usage (%),CPU Usage (%),GPU Memory Usage (MB)
0,75.2,5.2,8.7109375
0,75.2,5.2,8.7109375
1,75.1,2.6,8.7109375
1,75.1,2.6,8.7109375
2,75.1,3.9,8.7109375
2,75.1,3.9,8.7109375
3,75.2,3.8,8.7109375
3,75.2,3.8,8.7109375
4,75.1,2.9,8.7109375
4,75.1,2.9,8.7109375
5,75.2,4.8,8.7109375
5,75.2,4.8,8.7109375
6,75.1,3.8,8.7109375
6,75.1,3.8,8.7109375
7,74.0,3.0,8.7109375
7,74.0,3.0,8.7109375
8,73.9,4.2,8.7109375
8,73.9,4.2,8.7109375
9,74.0,3.9,8.7109375
9,74.0,3.9,8.7109375
10,74.0,4.0,8.7109375
10,74.0,4.0,8.7109375
11,75.7,3.8,38.00244140625
11,75.7,3.8,38.00244140625
12,75.8,5.3,38.00244140625
12,75.8,5.3,38.00244140625
13,76.1,3.6,38.00244140625
13,76.1,3.6,38.00244140625
14,76.0,3.6,38.00244140625
14,76.0,3.6,38.00244140625
15,75.9,4.4,38.00244140625
15,75.9,4.4,38.00244140625
16,76.3,4.4,38.00244140625
16,76.3,4.4,38.00244140625
17,76.4,4.0,38.00244140625
17,76.4,4.0,38.00244140625
18,75.6,5.1,38.00244140625
18,75.6,5.1,38.00244140625
19,75.7,4.5,38.00244140625
19,75.7,4.5,38.00244140625
20,75.7,3.6,38.00244140625
20,75.7,3.6,38.00244140625
21,75.7,4.6,38.00244140625
21,75.7,4.6,38.00244140625
22,75.7,4.5,38.00244140625
22,75.7,4.5,38.00244140625
23,75.8,3.6,38.00244140625
23,75.8,3.6,38.00244140625
24,75.8,4.7,38.00244140625
24,75.8,4.7,38.00244140625
25,75.9,4.8,38.00244140625
25,75.9,4.8,38.00244140625
26,75.9,4.0,38.00244140625
26,75.9,4.0,38.00244140625
27,75.9,4.8,38.00244140625
27,75.9,4.8,38.00244140625
28,76.0,5.1,38.00244140625
28,76.0,5.1,38.00244140625
29,75.9,3.9,38.00244140625
29,75.9,3.9,38.00244140625
30,75.8,4.4,38.00244140625
30,75.8,4.4,38.00244140625
31,75.9,5.2,38.00244140625
31,75.9,5.2,38.00244140625
32,75.9,4.4,38.00244140625
32,75.9,4.4,38.00244140625
33,75.9,4.3,38.00244140625
33,75.9,4.3,38.00244140625
34,79.0,8.0,38.00244140625
34,79.0,8.0,38.00244140625
35,78.1,4.6,38.00244140625
35,78.1,4.6,38.00244140625
36,78.0,4.7,38.00244140625
36,78.0,4.7,38.00244140625
37,78.1,5.1,38.00244140625
37,78.1,5.1,38.00244140625
38,78.1,4.0,38.00244140625
38,78.1,4.0,38.00244140625
39,78.1,4.5,38.00244140625
39,78.1,4.5,38.00244140625
40,78.1,3.5,38.00244140625
40,78.1,3.5,38.00244140625
41,78.1,3.5,38.00244140625
41,78.1,3.5,38.00244140625
42,78.2,3.5,38.00244140625
42,78.2,3.5,38.00244140625
43,78.2,4.2,38.00244140625
43,78.2,4.2,38.00244140625
44,78.3,4.0,38.00244140625
44,78.3,4.0,38.00244140625
45,79.0,3.4,38.00244140625
45,79.0,3.4,38.00244140625
46,78.8,2.9,38.00244140625
46,78.8,2.9,38.00244140625
47,78.6,4.4,38.00244140625
47,78.6,4.4,38.00244140625
48,79.0,5.0,38.00244140625
48,79.0,5.0,38.00244140625
49,79.0,6.0,38.00244140625
49,79.0,6.0,38.00244140625
50,79.1,4.1,38.00244140625
50,79.1,4.1,38.00244140625
51,79.1,3.4,38.00244140625
51,79.1,3.4,38.00244140625
52,79.1,3.6,38.00244140625
52,79.1,3.6,38.00244140625
53,79.2,3.6,38.00244140625
53,79.2,3.6,38.00244140625
54,79.2,4.9,38.00244140625
54,79.2,4.9,38.00244140625
55,79.3,3.9,38.00244140625
55,79.3,3.9,38.00244140625
56,79.4,3.9,38.00244140625
56,79.4,3.9,38.00244140625
57,78.6,6.0,38.00244140625
57,78.6,6.0,38.00244140625
58,78.8,4.3,38.00244140625
58,78.8,4.3,38.00244140625
59,78.8,3.2,38.00244140625
59,78.8,3.2,38.00244140625
60,78.8,6.0,38.00244140625
60,78.8,6.0,38.00244140625
61,78.9,4.6,38.00244140625
61,78.9,4.6,38.00244140625
62,78.9,5.7,38.00244140625
62,78.9,5.7,38.00244140625
63,79.0,4.8,38.00244140625
63,79.0,4.8,38.00244140625
64,75.8,4.7,38.00244140625
64,75.8,4.7,38.00244140625
65,75.9,4.7,38.00244140625
65,75.9,4.7,38.00244140625
66,76.0,4.0,38.00244140625
66,76.0,4.0,38.00244140625
67,76.1,5.6,38.00244140625
67,76.1,5.6,38.00244140625
68,76.0,3.8,38.00244140625
68,76.0,3.8,38.00244140625
69,76.1,3.6,38.00244140625
69,76.1,3.6,38.00244140625
70,76.1,3.5,38.00244140625
70,76.1,3.5,38.00244140625
71,76.2,4.8,38.00244140625
71,76.2,4.8,38.00244140625
72,76.6,4.7,38.00244140625
72,76.6,4.7,38.00244140625
73,76.6,3.9,38.00244140625
73,76.6,3.9,38.00244140625
74,75.8,3.3,38.00244140625
74,75.8,3.3,38.00244140625
75,75.9,4.8,38.00244140625
75,75.9,4.8,38.00244140625
76,76.2,4.0,38.00244140625
76,76.2,4.0,38.00244140625
77,76.1,5.4,38.00244140625
77,76.1,5.4,38.00244140625
78,76.2,4.3,38.00244140625
78,76.2,4.3,38.00244140625
79,76.2,4.4,38.00244140625
79,76.2,4.4,38.00244140625
80,76.3,4.0,38.00244140625
80,76.3,4.0,38.00244140625
81,76.3,4.7,38.00244140625
81,76.3,4.7,38.00244140625
82,76.3,4.6,38.00244140625
82,76.3,4.6,38.00244140625
83,76.8,4.3,38.00244140625
83,76.8,4.3,38.00244140625
84,76.6,3.0,38.00244140625
84,76.6,3.0,38.00244140625
85,76.7,4.0,38.00244140625
85,76.7,4.0,38.00244140625
86,76.7,3.1,38.00244140625
86,76.7,3.1,38.00244140625
87,76.8,4.3,38.00244140625
87,76.8,4.3,38.00244140625
88,76.6,4.0,38.00244140625
88,76.6,4.0,38.00244140625
89,76.7,4.3,38.00244140625
89,76.7,4.3,38.00244140625
90,76.8,3.9,38.00244140625
90,76.8,3.9,38.00244140625
91,76.7,4.6,38.00244140625
91,76.7,4.6,38.00244140625
92,77.0,4.7,38.00244140625
92,77.0,4.7,38.00244140625
93,76.7,3.3,38.00244140625
93,76.7,3.3,38.00244140625
94,76.2,4.0,38.00244140625
94,76.2,4.0,38.00244140625
95,76.4,3.6,38.00244140625
95,76.4,3.6,38.00244140625
96,76.5,3.1,38.00244140625
96,76.5,3.1,38.00244140625
97,76.6,4.0,38.00244140625
97,76.6,4.0,38.00244140625
98,76.6,3.5,38.00244140625
98,76.6,3.5,38.00244140625
99,76.7,4.5,38.00244140625
99,76.7,4.5,38.00244140625
100,76.7,1.2,38.00244140625
100,76.7,1.2,38.00244140625
101,76.7,5.1,38.00244140625
101,76.7,5.1,38.00244140625
102,76.8,3.2,38.00244140625
102,76.8,3.2,38.00244140625
103,76.9,3.3,38.00244140625
103,76.9,3.3,38.00244140625
104,76.8,3.1,38.00244140625
104,76.8,3.1,38.00244140625
105,75.8,3.9,38.00244140625
105,75.8,3.9,38.00244140625
106,75.8,3.3,38.00244140625
106,75.8,3.3,38.00244140625
107,75.9,6.0,38.00244140625
107,75.9,6.0,38.00244140625
108,75.8,3.8,38.00244140625
108,75.8,3.8,38.00244140625
109,76.0,5.6,38.00244140625
109,76.0,5.6,38.00244140625
110,76.1,2.1,38.00244140625
110,76.1,2.1,38.00244140625
111,76.1,4.9,38.00244140625
111,76.1,4.9,38.00244140625
112,76.2,5.9,38.00244140625
112,76.2,5.9,38.00244140625
113,75.5,3.8,38.00244140625
113,75.5,3.8,38.00244140625
114,75.6,5.8,38.00244140625
114,75.6,5.8,38.00244140625
115,75.7,3.8,38.00244140625
115,75.7,3.8,38.00244140625
116,75.8,3.8,38.00244140625
116,75.8,3.8,38.00244140625
117,75.7,3.4,38.00244140625
117,75.7,3.4,38.00244140625
118,75.8,4.2,38.00244140625
118,75.8,4.2,38.00244140625
119,75.9,4.5,38.00244140625
119,75.9,4.5,38.00244140625
120,76.1,4.9,38.00244140625
120,76.1,4.9,38.00244140625
121,76.1,3.5,38.00244140625
121,76.1,3.5,38.00244140625
122,76.3,4.6,38.00244140625
122,76.3,4.6,38.00244140625
123,76.4,3.3,38.00244140625
123,76.4,3.3,38.00244140625
124,76.2,4.6,38.00244140625
124,76.2,4.6,38.00244140625
125,76.1,5.3,38.00244140625
125,76.1,5.3,38.00244140625
126,76.2,2.7,38.00244140625
126,76.2,2.7,38.00244140625
127,76.2,4.4,38.00244140625
127,76.2,4.4,38.00244140625
128,76.3,5.3,38.00244140625
128,76.3,5.3,38.00244140625
129,76.4,3.0,38.00244140625
129,76.4,3.0,38.00244140625
130,76.5,4.7,38.00244140625
130,76.5,4.7,38.00244140625
131,77.2,3.0,38.00244140625
131,77.2,3.0,38.00244140625
132,77.3,4.8,38.00244140625
132,77.3,4.8,38.00244140625
133,76.6,2.7,38.00244140625
133,76.6,2.7,38.00244140625
134,76.4,3.1,38.00244140625
134,76.4,3.1,38.00244140625
135,76.6,2.7,38.00244140625
135,76.6,2.7,38.00244140625
136,76.5,5.0,38.00244140625
136,76.5,5.0,38.00244140625
137,76.6,3.0,38.00244140625
137,76.6,3.0,38.00244140625
138,76.7,3.6,38.00244140625
138,76.7,3.6,38.00244140625
139,76.8,2.6,38.00244140625
139,76.8,2.6,38.00244140625
140,76.7,3.9,38.00244140625
140,76.7,3.9,38.00244140625
141,76.8,3.9,38.00244140625
141,76.8,3.9,38.00244140625
142,76.9,3.8,38.00244140625
142,76.9,3.8,38.00244140625
143,76.9,3.3,38.00244140625
143,76.9,3.3,38.00244140625
144,76.6,5.2,38.00244140625
144,76.6,5.2,38.00244140625
145,76.8,3.9,38.00244140625
145,76.8,3.9,38.00244140625
146,77.0,4.8,38.00244140625
146,77.0,4.8,38.00244140625
147,77.0,4.4,38.00244140625
147,77.0,4.4,38.00244140625
148,77.0,2.9,38.00244140625
148,77.0,2.9,38.00244140625
149,77.2,3.9,38.00244140625
149,77.2,3.9,38.00244140625
150,77.3,2.5,38.00244140625
150,77.3,2.5,38.00244140625
151,77.3,3.0,38.00244140625
151,77.3,3.0,38.00244140625
152,77.4,5.4,38.00244140625
152,77.4,5.4,38.00244140625
153,77.4,2.3,38.00244140625
153,77.4,2.3,38.00244140625
154,76.5,3.5,38.00244140625
154,76.5,3.5,38.00244140625
155,76.6,3.6,38.00244140625
155,76.6,3.6,38.00244140625
156,76.6,4.4,38.00244140625
156,76.6,4.4,38.00244140625
157,76.7,4.9,38.00244140625
157,76.7,4.9,38.00244140625
158,76.8,4.3,38.00244140625
158,76.8,4.3,38.00244140625
159,76.9,4.5,38.00244140625
159,76.9,4.5,38.00244140625
160,77.1,3.5,38.00244140625
160,77.1,3.5,38.00244140625
161,77.2,4.4,38.00244140625
161,77.2,4.4,38.00244140625
162,77.1,5.8,38.00244140625
162,77.1,5.8,38.00244140625
163,75.9,4.5,38.00244140625
163,75.9,4.5,38.00244140625
164,76.0,3.1,38.00244140625
164,76.0,3.1,38.00244140625
165,76.1,3.2,38.00244140625
165,76.1,3.2,38.00244140625
166,76.0,4.6,38.00244140625
166,76.0,4.6,38.00244140625
167,76.2,5.6,38.00244140625
167,76.2,5.6,38.00244140625
168,76.3,3.9,38.00244140625
168,76.3,3.9,38.00244140625
169,76.3,4.8,38.00244140625
169,76.3,4.8,38.00244140625
170,76.4,5.1,38.00244140625
170,76.4,5.1,38.00244140625
171,76.5,3.4,38.00244140625
171,76.5,3.4,38.00244140625
172,76.2,3.6,38.00244140625
172,76.2,3.6,38.00244140625
173,76.4,2.7,38.00244140625
173,76.4,2.7,38.00244140625
174,76.5,4.0,38.00244140625
174,76.5,4.0,38.00244140625
175,76.4,4.2,38.00244140625
175,76.4,4.2,38.00244140625
176,76.5,3.6,38.00244140625
176,76.5,3.6,38.00244140625
177,76.7,4.6,38.00244140625
177,76.7,4.6,38.00244140625
178,76.7,2.5,38.00244140625
178,76.7,2.5,38.00244140625
179,76.8,4.4,38.00244140625
179,76.8,4.4,38.00244140625
180,76.9,5.3,38.00244140625
180,76.9,5.3,38.00244140625
181,76.6,6.2,38.00244140625
181,76.6,6.2,38.00244140625
182,76.6,3.4,38.00244140625
182,76.6,3.4,38.00244140625
183,77.2,2.0,38.00244140625
183,77.2,2.0,38.00244140625
184,77.3,3.1,38.00244140625
184,77.3,3.1,38.00244140625
185,77.4,4.3,38.00244140625
185,77.4,4.3,38.00244140625
186,77.5,4.8,38.00244140625
186,77.5,4.8,38.00244140625
187,77.6,3.1,38.00244140625
187,77.6,3.1,38.00244140625
188,78.6,3.6,38.00244140625
188,78.6,3.6,38.00244140625
189,78.3,4.8,38.00244140625
189,78.3,4.8,38.00244140625
190,78.2,3.4,38.00244140625
190,78.2,3.4,38.00244140625
191,78.3,4.9,38.00244140625
191,78.3,4.9,38.00244140625
192,77.8,3.3,38.00244140625
192,77.8,3.3,38.00244140625
193,77.8,4.0,38.00244140625
193,77.8,4.0,38.00244140625
194,78.0,3.8,38.00244140625
194,78.0,3.8,38.00244140625
195,78.1,4.3,38.00244140625
195,78.1,4.3,38.00244140625
196,78.2,4.9,38.00244140625
196,78.2,4.9,38.00244140625
197,78.2,3.6,38.00244140625
197,78.2,3.6,38.00244140625
198,78.2,4.4,38.00244140625
198,78.2,4.4,38.00244140625
199,78.3,3.2,38.00244140625
199,78.3,3.2,38.00244140625
200,78.4,5.2,38.00244140625
200,78.4,5.2,38.00244140625
201,78.4,3.3,38.00244140625
201,78.4,3.3,38.00244140625
202,78.9,3.4,38.00244140625
202,78.9,3.4,38.00244140625
203,78.4,3.9,38.00244140625
203,78.4,3.9,38.00244140625
204,78.5,5.7,38.00244140625
204,78.5,5.7,38.00244140625
205,78.4,2.7,38.00244140625
205,78.4,2.7,38.00244140625
206,78.6,2.8,38.00244140625
206,78.6,2.8,38.00244140625
207,78.8,3.0,38.00244140625
207,78.8,3.0,38.00244140625
208,78.8,3.5,38.00244140625
208,78.8,3.5,38.00244140625
209,78.8,5.3,38.00244140625
209,78.8,5.3,38.00244140625
210,78.9,3.5,38.00244140625
210,78.9,3.5,38.00244140625
211,78.9,4.3,38.00244140625
211,78.9,4.3,38.00244140625
212,79.0,4.2,38.00244140625
212,79.0,4.2,38.00244140625
213,78.8,2.9,38.00244140625
213,78.8,2.9,38.00244140625
214,78.9,3.5,38.00244140625
214,78.9,3.5,38.00244140625
215,79.0,3.5,38.00244140625
215,79.0,3.5,38.00244140625
216,79.2,5.3,38.00244140625
216,79.2,5.3,38.00244140625
217,79.1,3.4,38.00244140625
217,79.1,3.4,38.00244140625
218,79.2,5.0,38.00244140625
218,79.2,5.0,38.00244140625
219,79.3,5.3,38.00244140625
219,79.3,5.3,38.00244140625
220,79.4,3.9,38.00244140625
220,79.4,3.9,38.00244140625
221,79.3,5.2,38.00244140625
221,79.3,5.2,38.00244140625
222,80.2,5.6,38.00244140625
222,80.2,5.6,38.00244140625
223,80.3,2.6,38.00244140625
223,80.3,2.6,38.00244140625
224,80.4,3.6,38.00244140625
224,80.4,3.6,38.00244140625
225,80.5,6.5,38.00244140625
225,80.5,6.5,38.00244140625
226,80.2,4.2,38.00244140625
226,80.2,4.2,38.00244140625
227,80.3,4.5,38.00244140625
227,80.3,4.5,38.00244140625
228,80.5,2.6,38.00244140625
228,80.5,2.6,38.00244140625
229,80.5,4.8,38.00244140625
229,80.5,4.8,38.00244140625
230,80.6,3.1,38.00244140625
230,80.6,3.1,38.00244140625
231,80.6,3.3,38.00244140625
231,80.6,3.3,38.00244140625
232,80.7,5.9,38.00244140625
232,80.7,5.9,38.00244140625
233,80.8,2.5,38.00244140625
233,80.8,2.5,38.00244140625
234,80.9,3.9,38.00244140625
234,80.9,3.9,38.00244140625
235,80.9,5.6,38.00244140625
235,80.9,5.6,38.00244140625
236,80.7,2.6,38.00244140625
236,80.7,2.6,38.00244140625
237,80.8,5.4,38.00244140625
237,80.8,5.4,38.00244140625
238,81.0,4.7,38.00244140625
238,81.0,4.7,38.00244140625
239,81.0,4.4,38.00244140625
239,81.0,4.4,38.00244140625
240,81.2,4.0,38.00244140625
240,81.2,4.0,38.00244140625
241,81.1,5.1,38.00244140625
241,81.1,5.1,38.00244140625
242,81.3,3.9,38.00244140625
242,81.3,3.9,38.00244140625
243,81.4,5.3,38.00244140625
243,81.4,5.3,38.00244140625
244,81.2,3.1,38.00244140625
244,81.2,3.1,38.00244140625
245,81.3,3.2,38.00244140625
245,81.3,3.2,38.00244140625
246,81.4,6.5,38.00244140625
246,81.4,6.5,38.00244140625
247,81.4,2.8,38.00244140625
247,81.4,2.8,38.00244140625
248,81.7,3.9,38.00244140625
248,81.7,3.9,38.00244140625
249,81.8,3.2,38.00244140625
249,81.8,3.2,38.00244140625
250,82.0,5.9,38.00244140625
250,82.0,5.9,38.00244140625
251,82.2,4.9,38.00244140625
251,82.2,4.9,38.00244140625
252,82.4,3.4,38.00244140625
252,82.4,3.4,38.00244140625
253,82.4,3.8,38.00244140625
253,82.4,3.8,38.00244140625
254,82.5,5.3,38.00244140625
254,82.5,5.3,38.00244140625
255,81.9,3.0,38.00244140625
255,81.9,3.0,38.00244140625
256,82.0,4.3,38.00244140625
256,82.0,4.3,38.00244140625
257,82.1,2.5,38.00244140625
257,82.1,2.5,38.00244140625
258,82.2,1.9,38.00244140625
258,82.2,1.9,38.00244140625
259,82.2,3.4,38.00244140625
259,82.2,3.4,38.00244140625
260,82.4,4.7,38.00244140625
260,82.4,4.7,38.00244140625
261,82.4,4.6,38.00244140625
261,82.4,4.6,38.00244140625
262,82.7,4.5,38.00244140625
262,82.7,4.5,38.00244140625
263,82.6,3.8,38.00244140625
263,82.6,3.8,38.00244140625
264,82.7,5.2,38.00244140625
264,82.7,5.2,38.00244140625
265,82.8,3.0,38.00244140625
265,82.8,3.0,38.00244140625
266,82.6,5.5,38.00244140625
266,82.6,5.5,38.00244140625
267,82.8,2.7,38.00244140625
267,82.8,2.7,38.00244140625
268,82.9,4.1,38.00244140625
268,82.9,4.1,38.00244140625
269,82.9,3.8,38.00244140625
269,82.9,3.8,38.00244140625
270,83.0,5.5,38.00244140625
270,83.0,5.5,38.00244140625
271,83.1,5.7,38.00244140625
271,83.1,5.7,38.00244140625
272,83.2,4.7,38.00244140625
272,83.2,4.7,38.00244140625
273,83.4,5.7,38.00244140625
273,83.4,5.7,38.00244140625
274,83.2,2.5,38.00244140625
274,83.2,2.5,38.00244140625
275,83.2,5.2,38.00244140625
275,83.2,5.2,38.00244140625
276,83.3,2.9,38.00244140625
276,83.3,2.9,38.00244140625
277,83.5,2.9,38.00244140625
277,83.5,2.9,38.00244140625
278,83.5,3.6,38.00244140625
278,83.5,3.6,38.00244140625
279,83.6,5.0,38.00244140625
279,83.6,5.0,38.00244140625
280,83.7,5.1,38.00244140625
280,83.7,5.1,38.00244140625
281,83.8,4.2,38.00244140625
281,83.8,4.2,38.00244140625
282,84.5,3.8,38.00244140625
282,84.5,3.8,38.00244140625
283,84.2,4.3,38.00244140625
283,84.2,4.3,38.00244140625
284,83.1,3.6,38.00244140625
284,83.1,3.6,38.00244140625
285,83.5,5.6,38.00244140625
285,83.5,5.6,38.00244140625
286,83.6,5.3,38.00244140625
286,83.6,5.3,38.00244140625
287,83.8,3.8,38.00244140625
287,83.8,3.8,38.00244140625
288,83.9,5.2,38.00244140625
288,83.9,5.2,38.00244140625
289,84.1,5.6,38.00244140625
289,84.1,5.6,38.00244140625
290,83.6,3.9,38.00244140625
290,83.6,3.9,38.00244140625
291,83.8,3.2,38.00244140625
291,83.8,3.2,38.00244140625
292,83.8,4.7,38.00244140625
292,83.8,4.7,38.00244140625
293,83.8,3.9,38.00244140625
293,83.8,3.9,38.00244140625
294,84.0,5.3,38.00244140625
294,84.0,5.3,38.00244140625
295,84.1,3.5,38.00244140625
295,84.1,3.5,38.00244140625
296,84.2,4.2,38.00244140625
296,84.2,4.2,38.00244140625
297,84.2,4.0,38.00244140625
297,84.2,4.0,38.00244140625
298,84.5,5.8,38.00244140625
298,84.5,5.8,38.00244140625
299,84.3,5.5,38.00244140625
299,84.3,5.5,38.00244140625
300,84.4,2.6,38.00244140625
300,84.4,2.6,38.00244140625
301,84.6,3.6,38.00244140625
301,84.6,3.6,38.00244140625
302,84.6,5.8,38.00244140625
302,84.6,5.8,38.00244140625
303,84.7,2.7,38.00244140625
303,84.7,2.7,38.00244140625
304,84.8,5.1,38.00244140625
304,84.8,5.1,38.00244140625
305,84.8,2.9,38.00244140625
305,84.8,2.9,38.00244140625
306,85.2,3.8,38.00244140625
306,85.2,3.8,38.00244140625
307,85.3,4.9,38.00244140625
307,85.3,4.9,38.00244140625
308,85.3,4.0,38.00244140625
308,85.3,4.0,38.00244140625
309,85.5,5.3,38.00244140625
309,85.5,5.3,38.00244140625
310,85.4,4.4,38.00244140625
310,85.4,4.4,38.00244140625
311,85.6,3.1,38.00244140625
311,85.6,3.1,38.00244140625
312,85.7,4.1,38.00244140625
312,85.7,4.1,38.00244140625
313,85.8,3.6,38.00244140625
313,85.8,3.6,38.00244140625
314,85.8,3.9,38.00244140625
314,85.8,3.9,38.00244140625
315,85.9,2.6,38.00244140625
315,85.9,2.6,38.00244140625
316,86.0,5.1,38.00244140625
316,86.0,5.1,38.00244140625
317,86.0,4.2,38.00244140625
317,86.0,4.2,38.00244140625
318,86.1,4.4,38.00244140625
318,86.1,4.4,38.00244140625
319,86.3,4.0,38.00244140625
319,86.3,4.0,38.00244140625
320,85.8,4.6,38.00244140625
320,85.8,4.6,38.00244140625
321,85.9,4.9,38.00244140625
321,85.9,4.9,38.00244140625
322,86.0,2.7,38.00244140625
322,86.0,2.7,38.00244140625
323,86.2,3.9,38.00244140625
323,86.2,3.9,38.00244140625
324,86.4,5.3,38.00244140625
324,86.4,5.3,38.00244140625
325,86.5,2.9,38.00244140625
325,86.5,2.9,38.00244140625
326,86.6,5.4,38.00244140625
326,86.6,5.4,38.00244140625
327,86.7,3.4,38.00244140625
327,86.7,3.4,38.00244140625
328,86.9,5.6,38.00244140625
328,86.9,5.6,38.00244140625
329,86.7,3.1,38.00244140625
329,86.7,3.1,38.00244140625
330,87.3,4.5,38.00244140625
330,87.3,4.5,38.00244140625
331,87.2,4.8,38.00244140625
331,87.2,4.8,38.00244140625
332,87.2,4.0,38.00244140625
332,87.2,4.0,38.00244140625
333,87.5,4.8,38.00244140625
333,87.5,4.8,38.00244140625
334,87.6,5.3,38.00244140625
334,87.6,5.3,38.00244140625
335,87.0,2.6,38.00244140625
335,87.0,2.6,38.00244140625
336,87.1,3.3,38.00244140625
336,87.1,3.3,38.00244140625
337,87.1,4.4,38.00244140625
337,87.1,4.4,38.00244140625
338,87.2,3.8,38.00244140625
338,87.2,3.8,38.00244140625
339,87.3,4.9,38.00244140625
339,87.3,4.9,38.00244140625
340,87.4,4.3,38.00244140625
340,87.4,4.3,38.00244140625
341,88.7,5.3,38.00244140625
341,88.7,5.3,38.00244140625
342,88.6,3.0,38.00244140625
342,88.6,3.0,38.00244140625
343,84.0,5.2,38.00244140625
343,84.0,5.2,38.00244140625
344,84.0,4.2,38.00244140625
344,84.0,4.2,38.00244140625
345,84.1,5.1,38.00244140625
345,84.1,5.1,38.00244140625
346,84.2,4.4,38.00244140625
346,84.2,4.4,38.00244140625
347,84.3,3.5,38.00244140625
347,84.3,3.5,38.00244140625
348,84.2,5.3,38.00244140625
348,84.2,5.3,38.00244140625
349,84.3,3.8,38.00244140625
349,84.3,3.8,38.00244140625
350,84.6,6.0,38.00244140625
350,84.6,6.0,38.00244140625
351,84.6,3.7,38.00244140625
351,84.6,3.7,38.00244140625
352,84.8,3.5,38.00244140625
352,84.8,3.5,38.00244140625
353,84.9,4.5,38.00244140625
353,84.9,4.5,38.00244140625
354,85.0,4.2,38.00244140625
354,85.0,4.2,38.00244140625
355,85.3,2.7,38.00244140625
355,85.3,2.7,38.00244140625
356,85.6,2.7,38.00244140625
356,85.6,2.7,38.00244140625
357,85.7,3.6,38.00244140625
357,85.7,3.6,38.00244140625
358,85.8,5.3,38.00244140625
358,85.8,5.3,38.00244140625
359,86.0,2.7,38.00244140625
359,86.0,2.7,38.00244140625
360,86.2,2.0,38.00244140625
360,86.2,2.0,38.00244140625
361,86.3,0.8,38.00244140625
361,86.3,0.8,38.00244140625
362,86.0,4.5,38.00244140625
362,86.0,4.5,38.00244140625
363,86.0,3.9,38.00244140625
363,86.0,3.9,38.00244140625
364,86.3,3.5,38.00244140625
364,86.3,3.5,38.00244140625
365,86.4,2.1,38.00244140625
365,86.4,2.1,38.00244140625
366,86.6,4.3,38.00244140625
366,86.6,4.3,38.00244140625
367,86.7,4.7,38.00244140625
367,86.7,4.7,38.00244140625
368,86.8,4.0,38.00244140625
368,86.8,4.0,38.00244140625
369,86.7,5.2,38.00244140625
369,86.7,5.2,38.00244140625
370,87.0,3.7,38.00244140625
370,87.0,3.7,38.00244140625
371,87.1,4.9,38.00244140625
371,87.1,4.9,38.00244140625
372,87.2,4.9,38.00244140625
372,87.2,4.9,38.00244140625
373,87.8,3.4,38.00244140625
373,87.8,3.4,38.00244140625
374,87.6,3.5,38.00244140625
374,87.6,3.5,38.00244140625
375,87.7,4.5,38.00244140625
375,87.7,4.5,38.00244140625
376,87.7,4.4,38.00244140625
376,87.7,4.4,38.00244140625
377,87.4,4.0,38.00244140625
377,87.4,4.0,38.00244140625
378,87.5,4.1,38.00244140625
378,87.5,4.1,38.00244140625
379,87.6,3.0,38.00244140625
379,87.6,3.0,38.00244140625
380,87.8,4.4,38.00244140625
380,87.8,4.4,38.00244140625
381,87.9,3.0,38.00244140625
381,87.9,3.0,38.00244140625
382,88.0,3.1,38.00244140625
382,88.0,3.1,38.00244140625
383,88.2,3.1,38.00244140625
383,88.2,3.1,38.00244140625
384,88.1,4.5,38.00244140625
384,88.1,4.5,38.00244140625
385,88.2,4.4,38.00244140625
385,88.2,4.4,38.00244140625
386,88.4,2.9,38.00244140625
386,88.4,2.9,38.00244140625
387,88.4,4.6,38.00244140625
387,88.4,4.6,38.00244140625
388,88.5,5.9,38.00244140625
388,88.5,5.9,38.00244140625
389,81.4,4.4,38.00244140625
389,81.4,4.4,38.00244140625
390,81.6,3.9,38.00244140625
390,81.6,3.9,38.00244140625
391,81.7,3.5,38.00244140625
391,81.7,3.5,38.00244140625
392,81.8,4.7,38.00244140625
392,81.8,4.7,38.00244140625
393,81.9,2.5,38.00244140625
393,81.9,2.5,38.00244140625
394,82.0,4.3,38.00244140625
394,82.0,4.3,38.00244140625
395,82.0,5.1,38.00244140625
395,82.0,5.1,38.00244140625
396,82.2,4.3,38.00244140625
396,82.2,4.3,38.00244140625
397,82.3,2.9,38.00244140625
397,82.3,2.9,38.00244140625
398,82.5,4.4,38.00244140625
398,82.5,4.4,38.00244140625
399,82.5,4.0,38.00244140625
399,82.5,4.0,38.00244140625
400,82.6,4.0,38.00244140625
400,82.6,4.0,38.00244140625
401,82.7,3.4,38.00244140625
401,82.7,3.4,38.00244140625
402,82.8,4.4,38.00244140625
402,82.8,4.4,38.00244140625
403,82.7,4.9,38.00244140625
403,82.7,4.9,38.00244140625
404,82.9,5.2,38.00244140625
404,82.9,5.2,38.00244140625
405,83.1,3.4,38.00244140625
405,83.1,3.4,38.00244140625
406,83.1,3.9,38.00244140625
406,83.1,3.9,38.00244140625
407,83.5,3.0,38.00244140625
407,83.5,3.0,38.00244140625
408,83.6,3.4,38.00244140625
408,83.6,3.4,38.00244140625
409,83.7,4.4,38.00244140625
409,83.7,4.4,38.00244140625
410,83.7,4.3,38.00244140625
410,83.7,4.3,38.00244140625
411,84.1,4.6,38.00244140625
411,84.1,4.6,38.00244140625
412,84.1,4.2,38.00244140625
412,84.1,4.2,38.00244140625
413,83.9,4.4,38.00244140625
413,83.9,4.4,38.00244140625
414,84.0,4.7,38.00244140625
414,84.0,4.7,38.00244140625
415,84.0,4.3,38.00244140625
415,84.0,4.3,38.00244140625
416,84.1,4.3,38.00244140625
416,84.1,4.3,38.00244140625
417,84.5,3.5,38.00244140625
417,84.5,3.5,38.00244140625
418,84.5,4.2,38.00244140625
418,84.5,4.2,38.00244140625
419,84.6,5.2,38.00244140625
419,84.6,5.2,38.00244140625
420,84.7,3.3,38.00244140625
420,84.7,3.3,38.00244140625
421,84.8,4.6,38.00244140625
421,84.8,4.6,38.00244140625
422,84.3,5.2,38.00244140625
422,84.3,5.2,38.00244140625
423,85.4,3.1,38.00244140625
423,85.4,3.1,38.00244140625
424,85.5,3.0,38.00244140625
424,85.5,3.0,38.00244140625
425,85.7,4.2,38.00244140625
425,85.7,4.2,38.00244140625
426,85.9,4.4,38.00244140625
426,85.9,4.4,38.00244140625
427,86.0,4.0,38.00244140625
427,86.0,4.0,38.00244140625
428,86.1,4.3,38.00244140625
428,86.1,4.3,38.00244140625
429,86.3,4.8,38.00244140625
429,86.3,4.8,38.00244140625
430,85.9,4.7,38.00244140625
430,85.9,4.7,38.00244140625
431,86.0,4.9,38.00244140625
431,86.0,4.9,38.00244140625
432,86.1,4.9,38.00244140625
432,86.1,4.9,38.00244140625
433,86.3,2.7,38.00244140625
433,86.3,2.7,38.00244140625
434,86.5,5.1,38.00244140625
434,86.5,5.1,38.00244140625
435,86.7,4.4,38.00244140625
435,86.7,4.4,38.00244140625
436,86.8,4.4,38.00244140625
436,86.8,4.4,38.00244140625
437,86.3,3.4,38.00244140625
437,86.3,3.4,38.00244140625
438,86.4,6.2,38.00244140625
438,86.4,6.2,38.00244140625
439,86.5,4.1,38.00244140625
439,86.5,4.1,38.00244140625
440,86.7,3.5,38.00244140625
440,86.7,3.5,38.00244140625
441,87.0,5.9,38.00244140625
441,87.0,5.9,38.00244140625
442,87.2,4.2,38.00244140625
442,87.2,4.2,38.00244140625
443,87.1,5.7,38.00244140625
443,87.1,5.7,38.00244140625
444,87.2,3.9,38.00244140625
444,87.2,3.9,38.00244140625
445,87.4,3.5,38.00244140625
445,87.4,3.5,38.00244140625
446,87.5,5.2,38.00244140625
446,87.5,5.2,38.00244140625
447,88.1,6.1,38.00244140625
447,88.1,6.1,38.00244140625
448,87.4,4.0,38.00244140625
448,87.4,4.0,38.00244140625
449,88.1,2.7,38.00244140625
449,88.1,2.7,38.00244140625
450,88.2,4.9,38.00244140625
450,88.2,4.9,38.00244140625
451,89.3,5.3,38.00244140625
451,89.3,5.3,38.00244140625
452,89.2,5.6,38.00244140625
452,89.2,5.6,38.00244140625
453,88.0,3.5,38.00244140625
453,88.0,3.5,38.00244140625
454,88.8,3.1,38.00244140625
454,88.8,3.1,38.00244140625
455,88.6,4.2,38.00244140625
455,88.6,4.2,38.00244140625
456,88.5,4.0,38.00244140625
456,88.5,4.0,38.00244140625
457,88.6,4.2,38.00244140625
457,88.6,4.2,38.00244140625
458,88.7,4.0,38.00244140625
458,88.7,4.0,38.00244140625
459,88.7,5.5,38.00244140625
459,88.7,5.5,38.00244140625
460,88.8,3.5,38.00244140625
460,88.8,3.5,38.00244140625
461,88.6,4.5,38.00244140625
461,88.6,4.5,38.00244140625
462,88.5,3.6,38.00244140625
462,88.5,3.6,38.00244140625
463,88.6,5.3,38.00244140625
463,88.6,5.3,38.00244140625
464,88.8,4.3,38.00244140625
464,88.8,4.3,38.00244140625
465,88.9,4.0,38.00244140625
465,88.9,4.0,38.00244140625
466,89.1,3.1,38.00244140625
466,89.1,3.1,38.00244140625
467,89.1,5.2,38.00244140625
467,89.1,5.2,38.00244140625
468,89.6,5.2,38.00244140625
468,89.6,5.2,38.00244140625
469,89.5,4.9,38.00244140625
469,89.5,4.9,38.00244140625
470,89.7,3.6,38.00244140625
470,89.7,3.6,38.00244140625
471,90.2,5.5,38.00244140625
471,90.2,5.5,38.00244140625
472,90.2,3.8,38.00244140625
472,90.2,3.8,38.00244140625
473,90.3,5.2,38.00244140625
473,90.3,5.2,38.00244140625
474,90.3,4.9,38.00244140625
474,90.3,4.9,38.00244140625
475,90.5,4.4,38.00244140625
475,90.5,4.4,38.00244140625
476,90.6,4.8,38.00244140625
476,90.6,4.8,38.00244140625
477,90.6,3.5,38.00244140625
477,90.6,3.5,38.00244140625
478,90.8,3.9,38.00244140625
478,90.8,3.9,38.00244140625
479,91.0,4.8,38.00244140625
479,91.0,4.8,38.00244140625
480,91.8,3.5,38.00244140625
480,91.8,3.5,38.00244140625
481,91.6,4.7,38.00244140625
481,91.6,4.7,38.00244140625
482,91.7,6.0,38.00244140625
482,91.7,6.0,38.00244140625
483,91.8,4.3,38.00244140625
483,91.8,4.3,38.00244140625
484,92.0,3.0,38.00244140625
484,92.0,3.0,38.00244140625
485,92.3,5.1,38.00244140625
485,92.3,5.1,38.00244140625
486,92.4,4.8,38.00244140625
486,92.4,4.8,38.00244140625
487,92.6,3.7,38.00244140625
487,92.6,3.7,38.00244140625
488,92.6,3.2,38.00244140625
488,92.6,3.2,38.00244140625
489,92.7,3.6,38.00244140625
489,92.7,3.6,38.00244140625
490,92.4,4.3,38.00244140625
490,92.4,4.3,38.00244140625
491,92.7,4.5,38.00244140625
491,92.7,4.5,38.00244140625
492,92.8,6.7,38.00244140625
492,92.8,6.7,38.00244140625
493,92.9,3.9,38.00244140625
493,92.9,3.9,38.00244140625
494,93.0,4.0,38.00244140625
494,93.0,4.0,38.00244140625
495,93.2,4.5,38.00244140625
495,93.2,4.5,38.00244140625
496,93.3,4.9,38.00244140625
496,93.3,4.9,38.00244140625
497,93.5,3.6,38.00244140625
497,93.5,3.6,38.00244140625
498,93.4,4.9,38.00244140625
498,93.4,4.9,38.00244140625
499,93.5,5.1,38.00244140625
499,93.5,5.1,38.00244140625
500,93.0,5.1,38.00244140625
500,93.0,5.1,38.00244140625
501,93.2,3.6,38.00244140625
501,93.2,3.6,38.00244140625
502,93.4,4.5,38.00244140625
502,93.4,4.5,38.00244140625
503,93.7,4.3,38.00244140625
503,93.7,4.3,38.00244140625
504,93.6,4.4,38.00244140625
504,93.6,4.4,38.00244140625
505,93.6,3.9,38.00244140625
505,93.6,3.9,38.00244140625
506,93.8,4.4,38.00244140625
506,93.8,4.4,38.00244140625
507,94.6,2.8,38.00244140625
507,94.6,2.8,38.00244140625
508,94.7,5.3,38.00244140625
508,94.7,5.3,38.00244140625
509,95.2,4.3,38.00244140625
509,95.2,4.3,38.00244140625
510,95.8,4.6,38.00244140625
510,95.8,4.6,38.00244140625
511,95.2,4.2,38.00244140625
511,95.2,4.2,38.00244140625
512,95.2,4.0,38.00244140625
512,95.2,4.0,38.00244140625
513,94.7,3.8,38.00244140625
513,94.7,3.8,38.00244140625
514,94.8,6.2,38.00244140625
514,94.8,6.2,38.00244140625
515,95.0,3.6,38.00244140625
515,95.0,3.6,38.00244140625
516,95.2,4.2,38.00244140625
516,95.2,4.2,38.00244140625
517,95.1,4.5,38.00244140625
517,95.1,4.5,38.00244140625
518,95.3,4.6,38.00244140625
518,95.3,4.6,38.00244140625
519,95.5,4.4,38.00244140625
519,95.5,4.4,38.00244140625
520,95.8,3.5,38.00244140625
520,95.8,3.5,38.00244140625
521,95.9,5.4,38.00244140625
521,95.9,5.4,38.00244140625
522,95.7,2.7,38.00244140625
522,95.7,2.7,38.00244140625
523,95.7,5.6,38.00244140625
523,95.7,5.6,38.00244140625
524,95.8,4.3,38.00244140625
524,95.8,4.3,38.00244140625
525,96.0,4.2,38.00244140625
525,96.0,4.2,38.00244140625
526,96.3,5.7,38.00244140625
526,96.3,5.7,38.00244140625
527,96.1,4.4,38.00244140625
527,96.1,4.4,38.00244140625
528,96.5,4.9,38.00244140625
528,96.5,4.9,38.00244140625
529,96.4,2.9,38.00244140625
529,96.4,2.9,38.00244140625
530,96.6,4.7,38.00244140625
530,96.6,4.7,38.00244140625
531,96.1,4.5,38.00244140625
531,96.1,4.5,38.00244140625
532,96.0,3.1,38.00244140625
532,96.0,3.1,38.00244140625
533,96.1,4.7,38.00244140625
533,96.1,4.7,38.00244140625
534,95.9,4.1,38.00244140625
534,95.9,4.1,38.00244140625
535,96.0,4.2,38.00244140625
535,96.0,4.2,38.00244140625
536,96.5,5.2,38.00244140625
536,96.5,5.2,38.00244140625
537,96.2,4.3,38.00244140625
537,96.2,4.3,38.00244140625
538,96.2,4.8,38.00244140625
538,96.2,4.8,38.00244140625
539,96.7,3.4,38.00244140625
539,96.7,3.4,38.00244140625
540,88.7,4.7,38.00244140625
540,88.7,4.7,38.00244140625
541,76.8,2.5,38.00244140625
541,76.8,2.5,38.00244140625
542,77.3,4.2,38.00244140625
542,77.3,4.2,38.00244140625
543,77.6,3.2,38.00244140625
543,77.6,3.2,38.00244140625
544,78.5,3.0,38.00244140625
544,78.5,3.0,38.00244140625
545,78.6,5.6,38.00244140625
545,78.6,5.6,38.00244140625
546,94.4,3.5,38.00244140625
546,94.4,3.5,38.00244140625
547,94.5,4.7,38.00244140625
547,94.5,4.7,38.00244140625
548,94.6,3.1,38.00244140625
548,94.6,3.1,38.00244140625
549,94.2,4.7,38.00244140625
549,94.2,4.7,38.00244140625
550,94.2,2.7,38.00244140625
550,94.2,2.7,38.00244140625
551,94.4,3.9,38.00244140625
551,94.4,3.9,38.00244140625
552,94.4,3.1,38.00244140625
552,94.4,3.1,38.00244140625
553,94.6,3.0,38.00244140625
553,94.6,3.0,38.00244140625
554,94.9,4.8,38.00244140625
554,94.9,4.8,38.00244140625
555,95.1,4.9,38.00244140625
555,95.1,4.9,38.00244140625
556,95.5,5.3,38.00244140625
556,95.5,5.3,38.00244140625
557,95.6,3.9,38.00244140625
557,95.6,3.9,38.00244140625
558,75.9,3.5,38.00244140625
558,75.9,3.5,38.00244140625
559,76.0,4.3,38.00244140625
559,76.0,4.3,38.00244140625
560,76.2,4.0,38.00244140625
560,76.2,4.0,38.00244140625
561,76.4,4.1,38.00244140625
561,76.4,4.1,38.00244140625
562,76.7,3.4,38.00244140625
562,76.7,3.4,38.00244140625
563,76.7,3.1,38.00244140625
563,76.7,3.1,38.00244140625
564,68.4,4.2,38.00244140625
564,68.4,4.2,38.00244140625
565,68.7,3.6,38.00244140625
565,68.7,3.6,38.00244140625
566,68.9,3.9,38.00244140625
566,68.9,3.9,38.00244140625
567,70.3,3.9,38.00244140625
567,70.3,3.9,38.00244140625
568,70.0,4.1,38.00244140625
568,70.0,4.1,38.00244140625
569,70.3,3.6,38.00244140625
569,70.3,3.6,38.00244140625
570,70.4,5.5,38.00244140625
570,70.4,5.5,38.00244140625
571,70.6,5.1,38.00244140625
571,70.6,5.1,38.00244140625
572,70.7,3.9,38.00244140625
572,70.7,3.9,38.00244140625
573,71.0,4.0,38.00244140625
573,71.0,4.0,38.00244140625
574,71.1,4.3,38.00244140625
574,71.1,4.3,38.00244140625
575,71.2,4.7,38.00244140625
575,71.2,4.7,38.00244140625
576,70.7,4.6,38.00244140625
576,70.7,4.6,38.00244140625
577,70.7,3.5,38.00244140625
577,70.7,3.5,38.00244140625
578,70.8,3.0,38.00244140625
578,70.8,3.0,38.00244140625
579,71.6,2.9,38.00244140625
579,71.6,2.9,38.00244140625
580,71.7,3.1,38.00244140625
580,71.7,3.1,38.00244140625
581,72.0,2.5,38.00244140625
581,72.0,2.5,38.00244140625
582,72.3,4.7,38.00244140625
582,72.3,4.7,38.00244140625
583,73.4,5.8,38.00244140625
583,73.4,5.8,38.00244140625
584,73.6,3.8,38.00244140625
584,73.6,3.8,38.00244140625
585,73.7,5.1,38.00244140625
585,73.7,5.1,38.00244140625
586,73.0,3.9,38.00244140625
586,73.0,3.9,38.00244140625
587,73.2,4.4,38.00244140625
587,73.2,4.4,38.00244140625
588,73.5,3.1,38.00244140625
588,73.5,3.1,38.00244140625
589,73.9,3.8,38.00244140625
589,73.9,3.8,38.00244140625
590,74.4,4.9,38.00244140625
590,74.4,4.9,38.00244140625
591,74.4,3.5,38.00244140625
591,74.4,3.5,38.00244140625
592,74.5,4.6,38.00244140625
592,74.5,4.6,38.00244140625
593,93.0,3.9,38.00244140625
593,93.0,3.9,38.00244140625
594,95.4,3.8,38.00244140625
594,95.4,3.8,38.00244140625
595,97.0,5.9,38.00244140625
595,97.0,5.9,38.00244140625
596,97.3,7.6,38.00244140625
596,97.3,7.6,38.00244140625
597,95.0,5.1,38.00244140625
597,95.0,5.1,38.00244140625
598,96.0,3.9,38.00244140625
598,96.0,3.9,38.00244140625
599,96.1,4.1,38.00244140625
599,96.1,4.1,38.00244140625
600,96.2,3.1,38.00244140625
600,96.2,3.1,38.00244140625
601,96.3,3.8,38.00244140625
601,96.3,3.8,38.00244140625
602,76.5,5.3,38.00244140625
602,76.5,5.3,38.00244140625
603,76.7,3.5,38.00244140625
603,76.7,3.5,38.00244140625
604,76.9,3.5,38.00244140625
604,76.9,3.5,38.00244140625
605,77.0,5.6,38.00244140625
605,77.0,5.6,38.00244140625
606,77.2,3.5,38.00244140625
606,77.2,3.5,38.00244140625
607,77.5,2.9,38.00244140625
607,77.5,2.9,38.00244140625
608,77.8,2.5,38.00244140625
608,77.8,2.5,38.00244140625
609,78.3,4.9,38.00244140625
609,78.3,4.9,38.00244140625
610,78.4,3.0,38.00244140625
610,78.4,3.0,38.00244140625
611,65.2,3.6,38.00244140625
611,65.2,3.6,38.00244140625
612,65.4,3.8,38.00244140625
612,65.4,3.8,38.00244140625
613,65.8,2.8,38.00244140625
613,65.8,2.8,38.00244140625
614,66.1,3.0,38.00244140625
614,66.1,3.0,38.00244140625
615,66.2,4.7,38.00244140625
615,66.2,4.7,38.00244140625
616,66.3,4.8,38.00244140625
616,66.3,4.8,38.00244140625
617,66.5,3.8,38.00244140625
617,66.5,3.8,38.00244140625
618,66.5,5.7,38.00244140625
618,66.5,5.7,38.00244140625
619,66.7,2.9,38.00244140625
619,66.7,2.9,38.00244140625
620,66.8,5.5,38.00244140625
620,66.8,5.5,38.00244140625
621,67.3,4.4,38.00244140625
621,67.3,4.4,38.00244140625
622,67.8,3.2,38.00244140625
622,67.8,3.2,38.00244140625
623,68.1,3.5,38.00244140625
623,68.1,3.5,38.00244140625
624,68.6,4.5,38.00244140625
624,68.6,4.5,38.00244140625
625,69.0,4.3,38.00244140625
625,69.0,4.3,38.00244140625
626,68.8,5.3,38.00244140625
626,68.8,5.3,38.00244140625
627,69.1,5.0,38.00244140625
627,69.1,5.0,38.00244140625
628,69.4,5.1,38.00244140625
628,69.4,5.1,38.00244140625
629,70.3,3.8,38.00244140625
629,70.3,3.8,38.00244140625
630,70.0,5.7,38.00244140625
630,70.0,5.7,38.00244140625
631,70.3,3.3,38.00244140625
631,70.3,3.3,38.00244140625
632,70.8,4.8,38.00244140625
632,70.8,4.8,38.00244140625
633,71.3,5.1,38.00244140625
633,71.3,5.1,38.00244140625
634,71.2,4.8,38.00244140625
634,71.2,4.8,38.00244140625
635,71.3,4.4,38.00244140625
635,71.3,4.4,38.00244140625
636,71.6,3.4,38.00244140625
636,71.6,3.4,38.00244140625
637,71.8,5.0,38.00244140625
637,71.8,5.0,38.00244140625
638,71.7,5.2,38.00244140625
638,71.7,5.2,38.00244140625
639,71.9,2.5,38.00244140625
639,71.9,2.5,38.00244140625
640,72.0,4.8,38.00244140625
640,72.0,4.8,38.00244140625
641,72.0,3.1,38.00244140625
641,72.0,3.1,38.00244140625
642,72.2,4.0,38.00244140625
642,72.2,4.0,38.00244140625
643,72.4,4.0,38.00244140625
643,72.4,4.0,38.00244140625
644,73.2,4.8,38.00244140625
644,73.2,4.8,38.00244140625
645,73.4,3.3,38.00244140625
645,73.4,3.3,38.00244140625
646,73.6,4.5,38.00244140625
646,73.6,4.5,38.00244140625
647,73.1,4.0,38.00244140625
647,73.1,4.0,38.00244140625
648,75.6,3.8,38.00244140625
648,75.6,3.8,38.00244140625
649,75.8,3.5,38.00244140625
649,75.8,3.5,38.00244140625
650,77.0,3.9,38.00244140625
650,77.0,3.9,38.00244140625
651,75.9,3.4,38.00244140625
651,75.9,3.4,38.00244140625
652,76.4,4.9,38.00244140625
652,76.4,4.9,38.00244140625
653,76.6,2.3,38.00244140625
653,76.6,2.3,38.00244140625
654,76.8,5.3,38.00244140625
654,76.8,5.3,38.00244140625
655,76.8,3.8,38.00244140625
655,76.8,3.8,38.00244140625
656,76.9,4.3,38.00244140625
656,76.9,4.3,38.00244140625
657,77.1,2.2,38.00244140625
657,77.1,2.2,38.00244140625
658,77.3,3.1,38.00244140625
658,77.3,3.1,38.00244140625
659,75.9,3.6,38.00244140625
659,75.9,3.6,38.00244140625
660,92.6,3.6,38.00244140625
660,92.6,3.6,38.00244140625
661,98.1,14.1,38.00244140625
661,98.1,14.1,38.00244140625
662,92.9,5.6,38.00244140625
662,92.9,5.6,38.00244140625
663,96.8,5.5,38.00244140625
663,96.8,5.5,38.00244140625
664,93.0,2.9,38.00244140625
664,93.0,2.9,38.00244140625
665,93.6,3.1,38.00244140625
665,93.6,3.1,38.00244140625
666,88.7,3.5,38.00244140625
666,88.7,3.5,38.00244140625
667,88.8,4.0,38.00244140625
667,88.8,4.0,38.00244140625
668,64.8,4.1,38.00244140625
668,64.8,4.1,38.00244140625
669,65.2,4.0,38.00244140625
669,65.2,4.0,38.00244140625
670,65.5,5.1,38.00244140625
670,65.5,5.1,38.00244140625
671,66.2,3.5,38.00244140625
671,66.2,3.5,38.00244140625
672,66.5,2.2,38.00244140625
672,66.5,2.2,38.00244140625
673,66.2,4.7,38.00244140625
673,66.2,4.7,38.00244140625
674,66.6,3.9,38.00244140625
674,66.6,3.9,38.00244140625
675,66.8,4.8,38.00244140625
675,66.8,4.8,38.00244140625
676,66.9,5.1,38.00244140625
676,66.9,5.1,38.00244140625
677,67.4,5.1,38.00244140625
677,67.4,5.1,38.00244140625
678,67.9,3.8,38.00244140625
678,67.9,3.8,38.00244140625
679,68.2,2.7,38.00244140625
679,68.2,2.7,38.00244140625
680,68.3,4.8,38.00244140625
680,68.3,4.8,38.00244140625
681,68.4,3.1,38.00244140625
681,68.4,3.1,38.00244140625
682,68.7,5.9,38.00244140625
682,68.7,5.9,38.00244140625
683,68.8,2.3,38.00244140625
683,68.8,2.3,38.00244140625
684,69.3,4.4,38.00244140625
684,69.3,4.4,38.00244140625
685,70.2,3.2,38.00244140625
685,70.2,3.2,38.00244140625
686,70.7,3.5,38.00244140625
686,70.7,3.5,38.00244140625
687,70.8,4.8,38.00244140625
687,70.8,4.8,38.00244140625
688,70.9,5.3,38.00244140625
688,70.9,5.3,38.00244140625
689,71.1,5.1,38.00244140625
689,71.1,5.1,38.00244140625
690,71.3,3.1,38.00244140625
690,71.3,3.1,38.00244140625
691,71.4,3.5,38.00244140625
691,71.4,3.5,38.00244140625
692,71.6,4.5,38.00244140625
692,71.6,4.5,38.00244140625
693,71.6,5.2,38.00244140625
693,71.6,5.2,38.00244140625
694,71.7,5.1,38.00244140625
694,71.7,5.1,38.00244140625
695,72.0,3.9,38.00244140625
695,72.0,3.9,38.00244140625
696,72.3,4.5,38.00244140625
696,72.3,4.5,38.00244140625
697,72.4,3.6,38.00244140625
697,72.4,3.6,38.00244140625
698,72.4,3.5,38.00244140625
698,72.4,3.5,38.00244140625
699,72.2,3.5,38.00244140625
699,72.2,3.5,38.00244140625
700,72.3,3.0,38.00244140625
700,72.3,3.0,38.00244140625
701,72.7,4.4,38.00244140625
701,72.7,4.4,38.00244140625
702,72.8,4.8,38.00244140625
702,72.8,4.8,38.00244140625
703,73.1,4.7,38.00244140625
703,73.1,4.7,38.00244140625
704,73.3,3.0,38.00244140625
704,73.3,3.0,38.00244140625
705,73.4,5.6,38.00244140625
705,73.4,5.6,38.00244140625
706,73.1,4.4,38.00244140625
706,73.1,4.4,38.00244140625
707,73.2,3.4,38.00244140625
707,73.2,3.4,38.00244140625
708,73.3,4.8,38.00244140625
708,73.3,4.8,38.00244140625
709,74.2,3.0,38.00244140625
709,74.2,3.0,38.00244140625
710,74.6,4.9,38.00244140625
710,74.6,4.9,38.00244140625
711,74.7,3.5,38.00244140625
711,74.7,3.5,38.00244140625
712,73.9,6.5,38.00244140625
712,73.9,6.5,38.00244140625
713,74.9,2.9,38.00244140625
713,74.9,2.9,38.00244140625
714,75.2,4.0,38.00244140625
714,75.2,4.0,38.00244140625
715,75.5,4.1,38.00244140625
715,75.5,4.1,38.00244140625
716,75.7,4.1,38.00244140625
716,75.7,4.1,38.00244140625
717,75.7,3.5,38.00244140625
717,75.7,3.5,38.00244140625
718,74.3,4.9,38.00244140625
718,74.3,4.9,38.00244140625
719,74.5,4.1,38.00244140625
719,74.5,4.1,38.00244140625
720,74.7,3.4,38.00244140625
720,74.7,3.4,38.00244140625
721,74.9,5.2,38.00244140625
721,74.9,5.2,38.00244140625
722,75.2,2.7,38.00244140625
722,75.2,2.7,38.00244140625
723,75.3,4.4,38.00244140625
723,75.3,4.4,38.00244140625
724,75.5,3.2,38.00244140625
724,75.5,3.2,38.00244140625
725,75.9,3.5,38.00244140625
725,75.9,3.5,38.00244140625
726,75.0,3.9,38.00244140625
726,75.0,3.9,38.00244140625
727,75.2,3.5,38.00244140625
727,75.2,3.5,38.00244140625
728,75.3,4.9,38.00244140625
728,75.3,4.9,38.00244140625
729,75.5,4.0,38.00244140625
729,75.5,4.0,38.00244140625
730,91.2,3.6,38.00244140625
730,91.2,3.6,38.00244140625
731,96.9,4.9,38.00244140625
731,96.9,4.9,38.00244140625
732,89.2,4.3,38.00244140625
732,89.2,4.3,38.00244140625
733,84.4,4.3,38.00244140625
733,84.4,4.3,38.00244140625
734,84.8,4.3,38.00244140625
734,84.8,4.3,38.00244140625
735,63.4,3.9,38.00244140625
735,63.4,3.9,38.00244140625
736,63.5,5.9,38.00244140625
736,63.5,5.9,38.00244140625
737,63.8,4.1,38.00244140625
737,63.8,4.1,38.00244140625
738,64.0,4.9,38.00244140625
738,64.0,4.9,38.00244140625
739,64.2,4.9,38.00244140625
739,64.2,4.9,38.00244140625
740,64.4,3.2,38.00244140625
740,64.4,3.2,38.00244140625
741,64.6,5.2,38.00244140625
741,64.6,5.2,38.00244140625
742,65.0,4.3,38.00244140625
742,65.0,4.3,38.00244140625
743,65.2,4.8,38.00244140625
743,65.2,4.8,38.00244140625
744,65.4,4.5,38.00244140625
744,65.4,4.5,38.00244140625
745,65.7,5.2,38.00244140625
745,65.7,5.2,38.00244140625
746,66.1,4.2,38.00244140625
746,66.1,4.2,38.00244140625
747,66.6,5.3,38.00244140625
747,66.6,5.3,38.00244140625
748,66.8,3.2,38.00244140625
748,66.8,3.2,38.00244140625
749,67.7,5.3,38.00244140625
749,67.7,5.3,38.00244140625
750,67.9,4.3,38.00244140625
750,67.9,4.3,38.00244140625
751,68.1,4.4,38.00244140625
751,68.1,4.4,38.00244140625
752,69.0,5.1,38.00244140625
752,69.0,5.1,38.00244140625
753,68.5,4.2,38.00244140625
753,68.5,4.2,38.00244140625
754,68.6,3.6,38.00244140625
754,68.6,3.6,38.00244140625
755,68.8,5.6,38.00244140625
755,68.8,5.6,38.00244140625
756,68.9,4.5,38.00244140625
756,68.9,4.5,38.00244140625
757,69.4,5.3,38.00244140625
757,69.4,5.3,38.00244140625
758,70.3,4.7,38.00244140625
758,70.3,4.7,38.00244140625
759,70.5,4.7,38.00244140625
759,70.5,4.7,38.00244140625
760,70.6,5.1,38.00244140625
760,70.6,5.1,38.00244140625
761,70.9,4.0,38.00244140625
761,70.9,4.0,38.00244140625
762,71.6,5.2,38.00244140625
762,71.6,5.2,38.00244140625
763,71.2,4.1,38.00244140625
763,71.2,4.1,38.00244140625
764,71.4,4.7,38.00244140625
764,71.4,4.7,38.00244140625
765,71.8,3.4,38.00244140625
765,71.8,3.4,38.00244140625
766,71.9,4.8,38.00244140625
766,71.9,4.8,38.00244140625
767,72.0,4.8,38.00244140625
767,72.0,4.8,38.00244140625
768,72.2,3.5,38.00244140625
768,72.2,3.5,38.00244140625
769,74.1,4.8,38.00244140625
769,74.1,4.8,38.00244140625
770,74.0,4.9,38.00244140625
770,74.0,4.9,38.00244140625
771,74.8,5.7,38.00244140625
771,74.8,5.7,38.00244140625
772,74.9,3.9,38.00244140625
772,74.9,3.9,38.00244140625
773,75.1,4.6,38.00244140625
773,75.1,4.6,38.00244140625
774,73.5,5.8,38.00244140625
774,73.5,5.8,38.00244140625
775,73.7,5.7,38.00244140625
775,73.7,5.7,38.00244140625
776,73.9,4.8,38.00244140625
776,73.9,4.8,38.00244140625
777,73.9,5.6,38.00244140625
777,73.9,5.6,38.00244140625
778,74.7,3.4,38.00244140625
778,74.7,3.4,38.00244140625
779,74.7,4.3,38.00244140625
779,74.7,4.3,38.00244140625
780,75.0,4.0,38.00244140625
780,75.0,4.0,38.00244140625
781,74.0,5.9,38.00244140625
781,74.0,5.9,38.00244140625
782,74.3,5.5,38.00244140625
782,74.3,5.5,38.00244140625
783,75.2,3.9,38.00244140625
783,75.2,3.9,38.00244140625
784,75.3,5.3,38.00244140625
784,75.3,5.3,38.00244140625
785,74.9,3.6,38.00244140625
785,74.9,3.6,38.00244140625
786,75.4,4.8,38.00244140625
786,75.4,4.8,38.00244140625
787,75.6,5.3,38.00244140625
787,75.6,5.3,38.00244140625
788,74.6,3.2,38.00244140625
788,74.6,3.2,38.00244140625
789,75.0,4.8,38.00244140625
789,75.0,4.8,38.00244140625
790,75.4,5.7,38.00244140625
790,75.4,5.7,38.00244140625
791,76.0,4.0,38.00244140625
791,76.0,4.0,38.00244140625
792,75.1,5.2,38.00244140625
792,75.1,5.2,38.00244140625
793,76.0,3.8,38.00244140625
793,76.0,3.8,38.00244140625
794,76.3,4.8,38.00244140625
794,76.3,4.8,38.00244140625
795,76.4,4.0,38.00244140625
795,76.4,4.0,38.00244140625
796,76.6,4.8,38.00244140625
796,76.6,4.8,38.00244140625
797,76.9,5.2,38.00244140625
797,76.9,5.2,38.00244140625
798,75.2,3.6,38.00244140625
798,75.2,3.6,38.00244140625
799,75.4,4.6,38.00244140625
799,75.4,4.6,38.00244140625
800,75.6,2.5,38.00244140625
800,75.6,2.5,38.00244140625
801,75.6,3.8,38.00244140625
801,75.6,3.8,38.00244140625
802,76.0,4.7,38.00244140625
802,76.0,4.7,38.00244140625
803,76.2,4.3,38.00244140625
803,76.2,4.3,38.00244140625
804,76.4,3.4,38.00244140625
804,76.4,3.4,38.00244140625
805,76.5,4.5,38.00244140625
805,76.5,4.5,38.00244140625
806,76.7,3.8,38.00244140625
806,76.7,3.8,38.00244140625
807,77.1,4.4,38.00244140625
807,77.1,4.4,38.00244140625
808,77.2,4.0,38.00244140625
808,77.2,4.0,38.00244140625
809,77.3,3.0,38.00244140625
809,77.3,3.0,38.00244140625
810,76.1,3.6,38.00244140625
810,76.1,3.6,38.00244140625
811,95.9,3.0,38.00244140625
811,95.9,3.0,38.00244140625
812,62.5,4.9,38.00244140625
812,62.5,4.9,38.00244140625
813,64.0,5.2,38.00244140625
813,64.0,5.2,38.00244140625
814,65.0,4.8,38.00244140625
814,65.0,4.8,38.00244140625
815,65.3,4.9,38.00244140625
815,65.3,4.9,38.00244140625
816,65.8,3.9,38.00244140625
816,65.8,3.9,38.00244140625
817,68.8,4.4,38.00244140625
817,68.8,4.4,38.00244140625
818,69.1,3.8,38.00244140625
818,69.1,3.8,38.00244140625
819,69.1,5.1,38.00244140625
819,69.1,5.1,38.00244140625
820,69.2,4.3,38.00244140625
820,69.2,4.3,38.00244140625
821,69.4,3.5,38.00244140625
821,69.4,3.5,38.00244140625
822,69.7,4.5,38.00244140625
822,69.7,4.5,38.00244140625
823,71.5,3.5,38.00244140625
823,71.5,3.5,38.00244140625
824,72.3,4.0,38.00244140625
824,72.3,4.0,38.00244140625
825,73.1,2.3,38.00244140625
825,73.1,2.3,38.00244140625
826,73.3,3.8,38.00244140625
826,73.3,3.8,38.00244140625
827,73.5,4.0,38.00244140625
827,73.5,4.0,38.00244140625
828,73.7,4.8,38.00244140625
828,73.7,4.8,38.00244140625
829,73.8,4.0,38.00244140625
829,73.8,4.0,38.00244140625
830,74.1,3.1,38.00244140625
830,74.1,3.1,38.00244140625
831,74.3,4.9,38.00244140625
831,74.3,4.9,38.00244140625
832,74.4,4.1,38.00244140625
832,74.4,4.1,38.00244140625
833,75.0,4.3,38.00244140625
833,75.0,4.3,38.00244140625
834,75.2,3.4,38.00244140625
834,75.2,3.4,38.00244140625
835,75.5,4.4,38.00244140625
835,75.5,4.4,38.00244140625
836,75.8,4.9,38.00244140625
836,75.8,4.9,38.00244140625
837,76.5,4.5,38.00244140625
837,76.5,4.5,38.00244140625
838,76.9,2.6,38.00244140625
838,76.9,2.6,38.00244140625
839,77.1,4.4,38.00244140625
839,77.1,4.4,38.00244140625
840,77.5,4.6,38.00244140625
840,77.5,4.6,38.00244140625
841,76.5,3.3,38.00244140625
841,76.5,3.3,38.00244140625
842,76.6,4.0,38.00244140625
842,76.6,4.0,38.00244140625
843,76.8,2.9,38.00244140625
843,76.8,2.9,38.00244140625
844,77.0,4.0,38.00244140625
844,77.0,4.0,38.00244140625
845,77.2,3.9,38.00244140625
845,77.2,3.9,38.00244140625
846,77.4,2.5,38.00244140625
846,77.4,2.5,38.00244140625
847,77.9,5.2,38.00244140625
847,77.9,5.2,38.00244140625
848,78.0,3.0,38.00244140625
848,78.0,3.0,38.00244140625
849,78.3,4.6,38.00244140625
849,78.3,4.6,38.00244140625
850,78.4,4.4,38.00244140625
