episode,speed,total_reward,vehicle_location,waypoint,duration,timesteps,collisions,lane_invasions,avg_speed
0,25.853783064338323,-2.409584641991035,"Location(x=0.655213, y=249.196777, z=0.324544)","Location(x=-3.440320, y=249.203003, z=0.000000)",7.672527313232422,230,1,4,18.660424782466087
1,30.40150041397237,174.1701800998944,"Location(x=193.896057, y=111.732162, z=0.237507)","Location(x=192.601089, y=112.356163, z=0.000000)",9.25109076499939,278,1,1,23.26113290873434
2,27.252674987198535,88.84352562021616,"Location(x=120.431602, y=311.318024, z=0.325180)","Location(x=120.431877, y=306.554352, z=0.000000)",6.30893611907959,189,1,4,18.531771729413258
3,30.068532982244374,-156.61948388924688,"Location(x=25.610405, y=179.465347, z=0.175779)","Location(x=25.606697, y=187.563980, z=0.000000)",15.089687585830688,455,1,4,19.297546987172552
4,29.06551253823015,-216.40314364748937,"Location(x=70.848434, y=298.288605, z=0.325134)","Location(x=70.846992, y=302.537537, z=0.000000)",7.269672155380249,218,1,4,20.21085701630875
5,32.63551913898367,-390.9541766995273,"Location(x=82.317780, y=296.357422, z=0.323151)","Location(x=82.323723, y=302.541412, z=0.000000)",9.976611137390137,300,1,4,19.72157860401206
6,24.51030966189445,-313.5016572261009,"Location(x=187.825821, y=307.754669, z=0.280784)","Location(x=186.530792, y=305.234070, z=0.000000)",7.891385316848755,237,1,6,19.008938176461886
7,29.23508018836628,-232.83404204729112,"Location(x=199.936264, y=240.868057, z=0.322086)","Location(x=193.697769, y=240.869476, z=0.000000)",9.880122900009155,297,1,0,17.820149705991064
8,29.30448223242627,-1122.1235806580225,"Location(x=-4.403718, y=86.947540, z=0.001722)","Location(x=1.288387, y=106.048225, z=0.000000)",6.83768367767334,205,0,7,18.30053008188407
9,34.7469144497998,-1075.815988710764,"Location(x=132.681442, y=245.355148, z=0.329038)","Location(x=132.684113, y=240.924133, z=0.000000)",6.72590446472168,200,1,0,18.778707941822873
10,35.769897395397535,-2070.321271834952,"Location(x=201.142548, y=307.632599, z=0.300968)","Location(x=191.917313, y=300.763245, z=0.000000)",25.619481325149536,774,1,18,26.35314994870302
11,29.027966037579915,-2064.7212107412706,"Location(x=131.320114, y=245.570343, z=0.330563)","Location(x=131.322922, y=240.923309, z=0.000000)",6.7389514446258545,202,1,2,18.753289686954552
12,28.049078004572706,-2933.002270876487,"Location(x=21.889194, y=242.692734, z=0.221848)","Location(x=41.854622, y=242.690994, z=0.000000)",10.736007690429688,287,0,2,18.743667904292337
13,36.230887751264234,-3491.140424020775,"Location(x=-3.994776, y=312.870636, z=0.321197)","Location(x=-1.063706, y=305.608093, z=0.000000)",14.086367845535278,408,1,20,25.01743700539602
14,26.469586597373176,-3666.8651282723563,"Location(x=146.814896, y=182.603729, z=0.311699)","Location(x=146.812607, y=187.619522, z=0.000000)",13.12089228630066,367,1,2,21.468996050964478
15,44.17525231648125,-4256.528894835362,"Location(x=-14.120560, y=134.078262, z=0.327013)","Location(x=-7.397164, y=134.088348, z=0.000000)",21.24674344062805,615,1,19,27.371993915357564
16,30.564393086613112,-4969.712028640718,"Location(x=-9.410896, y=88.803047, z=0.001810)","Location(x=-0.914780, y=106.904175, z=0.000000)",10.39671277999878,303,0,7,19.393133442952195
17,31.40801160688907,-5038.045566819012,"Location(x=33.477551, y=193.997269, z=0.278149)","Location(x=33.478664, y=191.567596, z=0.000000)",9.673424482345581,278,1,5,23.21717412398206
18,28.524275256537013,-5013.728735340518,"Location(x=198.130936, y=236.465073, z=0.330241)","Location(x=193.696777, y=236.466080, z=0.000000)",7.895230054855347,226,1,2,17.270120063904706
19,35.04749450730606,-4972.422636123151,"Location(x=123.765099, y=193.346893, z=0.245532)","Location(x=123.768646, y=191.608978, z=0.000000)",8.861233472824097,250,1,0,18.302128098385683
20,24.253205491404135,-5063.391118834628,"Location(x=-5.363304, y=312.665253, z=0.318758)","Location(x=-1.396103, y=305.459229, z=0.000000)",9.454044580459595,274,1,9,16.685938808035864
21,24.355483642456953,-5276.125029413781,"Location(x=-12.380650, y=105.624313, z=0.322546)","Location(x=-5.483799, y=110.681381, z=0.000000)",4.030710220336914,116,1,3,13.239183820036333
22,30.01280102640408,-5595.440098831452,"Location(x=159.027054, y=308.915436, z=0.290717)","Location(x=159.023773, y=306.529968, z=0.000000)",15.755260705947876,445,1,6,21.400458553685265
23,21.307884507139658,-5534.00205768864,"Location(x=192.830948, y=111.064423, z=0.221891)","Location(x=192.034149, y=111.297066, z=0.000000)",5.715586423873901,163,1,6,12.817096335966117
24,22.289962162856128,-5553.3337406024575,"Location(x=58.731613, y=234.458374, z=0.278121)","Location(x=58.730148, y=236.879227, z=0.000000)",11.932736873626709,339,1,6,19.326773668298273
25,25.57144490489969,-5651.602531032207,"Location(x=196.880661, y=237.502441, z=0.272270)","Location(x=193.697006, y=237.503159, z=0.000000)",9.92650580406189,281,1,4,17.749448488516045
26,25.573855622538435,-5864.970122693992,"Location(x=-15.118723, y=303.649353, z=0.318662)","Location(x=-6.535417, y=300.425476, z=0.000000)",6.102370262145996,176,1,8,15.324630386223191
27,30.14044074316178,-5932.142733019603,"Location(x=133.441986, y=183.093979, z=0.337602)","Location(x=133.439926, y=187.613403, z=0.000000)",7.673137426376343,220,1,2,16.018188905042926
28,33.74726751017897,-6224.601364099741,"Location(x=176.151718, y=245.210831, z=0.334551)","Location(x=176.154312, y=240.950531, z=0.000000)",18.173649311065674,511,1,14,24.918408224105384
29,36.96928946195135,-6936.097374637041,"Location(x=3.009819, y=85.879959, z=0.001683)","Location(x=3.838289, y=105.588814, z=0.000000)",10.724957704544067,313,0,12,19.769791393256074
30,27.536946167301625,-6811.923465930515,"Location(x=44.131435, y=104.430046, z=0.248373)","Location(x=44.124744, y=105.408020, z=0.000000)",8.416772603988647,243,1,1,18.097790322256003
31,19.941070116290206,-6768.062222204865,"Location(x=191.019150, y=108.506622, z=0.221869)","Location(x=190.340866, y=109.108017, z=0.000000)",4.834707498550415,139,1,5,13.591413461497073
32,25.380461650629794,-6812.074366571916,"Location(x=0.628390, y=228.299118, z=0.321724)","Location(x=-3.445038, y=228.305328, z=0.000000)",8.467568635940552,242,1,4,19.26285631717844
33,26.636206959800923,-6824.6034557315525,"Location(x=112.232635, y=100.217331, z=0.265665)","Location(x=112.234932, y=105.432930, z=0.000000)",8.450334787368774,244,1,4,17.78064282565677
34,27.847111330168804,-6918.3514112422645,"Location(x=139.851135, y=232.085724, z=0.264195)","Location(x=136.116714, y=232.358444, z=0.000000)",8.719238996505737,244,1,4,16.502277633196524
35,29.88755442216201,-7056.9843771506485,"Location(x=198.127884, y=235.258270, z=0.330890)","Location(x=193.696503, y=235.259277, z=0.000000)",16.28253936767578,455,1,8,22.491377384263316
36,29.68118747740808,-6943.147640442335,"Location(x=196.225815, y=217.563263, z=0.273709)","Location(x=193.692505, y=217.563843, z=0.000000)",8.69060468673706,245,1,2,21.765199279069016
37,18.102750620060004,-6868.684095944828,"Location(x=45.035000, y=104.552879, z=0.232559)","Location(x=45.028076, y=105.404755, z=0.000000)",3.7281439304351807,107,1,1,10.836865182648522
38,22.725714635897443,-7115.21006756811,"Location(x=0.516658, y=256.039642, z=0.322896)","Location(x=-3.431386, y=256.043030, z=0.000000)",7.769068479537964,222,1,9,18.445991319805206
39,33.10584385781809,-7558.902492500715,"Location(x=184.962433, y=105.720993, z=0.222869)","Location(x=184.767593, y=105.845749, z=0.000000)",12.889711618423462,368,1,17,19.556740037137672
40,18.17091725225059,-7836.163017194504,"Location(x=-12.127077, y=258.099121, z=0.318877)","Location(x=-7.428128, y=258.097809, z=0.000000)",7.922674179077148,228,1,9,15.078781836172285
41,35.11277263010584,-8541.402340069111,"Location(x=201.375229, y=209.674957, z=0.301722)","Location(x=193.690720, y=209.676697, z=0.000000)",14.639195442199707,411,1,6,23.61312789152818
42,21.929930935404986,-8998.292425753407,"Location(x=208.641129, y=191.927399, z=0.301851)","Location(x=193.686707, y=191.930786, z=0.000000)",9.286872148513794,265,1,0,17.143551036630218
43,29.39020491946845,-9131.750003561669,"Location(x=39.431961, y=310.818634, z=0.327744)","Location(x=39.430023, y=306.536255, z=0.000000)",10.757775783538818,310,1,6,17.69500698902444
44,26.95194893325805,-10217.063103552046,"Location(x=206.052124, y=202.831604, z=0.301861)","Location(x=193.689163, y=202.834396, z=0.000000)",15.082812547683716,420,1,9,21.652919633775024
45,26.695885212419054,-10419.812835813404,"Location(x=37.055847, y=262.709167, z=0.326013)","Location(x=41.856361, y=262.708771, z=0.000000)",10.792442560195923,309,1,2,20.758366612961204
46,24.675155965419485,-10552.664361994473,"Location(x=137.219727, y=176.784912, z=0.479178)","Location(x=137.214767, y=187.615143, z=0.000000)",10.622769355773926,305,1,0,17.58282981411332
47,30.711392526067222,-11532.302327459764,"Location(x=5.954441, y=85.575890, z=0.001867)","Location(x=5.982591, y=105.545715, z=0.000000)",14.010990142822266,407,0,21,23.500695617710846
48,29.817692352572262,-11784.49867307114,"Location(x=98.272614, y=310.949280, z=0.325145)","Location(x=98.272873, y=306.546844, z=0.000000)",8.373202323913574,239,1,11,17.75469252989182
49,21.625166509902567,-11896.236625563895,"Location(x=111.907898, y=245.924957, z=0.323464)","Location(x=111.910942, y=240.911514, z=0.000000)",9.194080829620361,258,1,4,17.503637770322612
50,35.518349475605305,-12887.378552162683,"Location(x=77.406784, y=129.392151, z=0.001926)","Location(x=77.374008, y=109.409218, z=0.000000)",16.566171884536743,476,0,16,23.568123939503046
51,28.614822165761307,-121.84521165362713,"Location(x=135.233917, y=176.810776, z=0.478529)","Location(x=135.228973, y=187.614227, z=0.000000)",9.323569297790527,265,1,0,15.824361314255338
52,28.446758708149968,-89.15459169287757,"Location(x=-10.476530, y=192.384689, z=0.270040)","Location(x=-7.453149, y=192.384003, z=0.000000)",8.765632390975952,248,1,2,17.016346617088928
53,30.893179615567927,-409.04181025166685,"Location(x=59.736229, y=199.236481, z=0.259416)","Location(x=59.739738, y=191.579620, z=0.000000)",9.120570421218872,260,1,8,19.72023615316897
54,27.650625423744298,-858.8653737169146,"Location(x=200.421005, y=307.818237, z=0.305754)","Location(x=191.651276, y=301.150604, z=0.000000)",9.336092710494995,268,1,8,17.617503090232137
55,32.24738697863241,-1515.772622340106,"Location(x=-2.564138, y=86.611046, z=0.001805)","Location(x=1.925334, y=105.883316, z=0.000000)",10.399243116378784,300,0,11,20.1928968223794
56,34.973890384641926,-1828.517098577399,"Location(x=38.162739, y=244.456299, z=0.296489)","Location(x=41.854778, y=244.455978, z=0.000000)",10.141696453094482,292,1,6,19.016759142485462
57,31.317537053818846,-2452.8497150796165,"Location(x=159.572021, y=292.930145, z=0.282284)","Location(x=159.575897, y=302.529205, z=0.000000)",14.23255205154419,402,1,17,24.6849198411155
58,30.459718176559694,-2503.703623453573,"Location(x=186.255432, y=105.811501, z=0.221855)","Location(x=185.929306, y=106.222450, z=0.000000)",18.249231576919556,523,1,21,23.540994999534124
59,40.38750449087195,-3082.8504361047626,"Location(x=123.233276, y=292.486908, z=0.321654)","Location(x=123.240776, y=302.555298, z=0.000000)",9.781423807144165,275,1,10,21.320834412537653
60,20.18554168535893,-3060.01938191412,"Location(x=-11.311876, y=187.803299, z=0.299775)","Location(x=-7.454184, y=187.802429, z=0.000000)",8.396730184555054,240,1,2,17.723398657696233
61,31.327993211309288,-3383.079026838283,"Location(x=5.837325, y=195.252792, z=0.289542)","Location(x=5.839019, y=191.554916, z=0.000000)",10.718871355056763,301,1,17,19.88255392101824
62,27.457806509786852,-3371.8409882736537,"Location(x=187.242737, y=251.622559, z=0.288497)","Location(x=189.699371, y=251.622284, z=0.000000)",16.02823805809021,451,1,12,21.998344257610547
63,32.312641850446866,-3457.402976370195,"Location(x=123.900482, y=193.427277, z=0.248461)","Location(x=123.904190, y=191.609039, z=0.000000)",11.246271133422852,317,1,3,20.216443317298065
64,32.43579442974348,-4074.173059026605,"Location(x=4.211200, y=85.699005, z=0.001766)","Location(x=4.792330, y=105.550011, z=0.000000)",14.6514732837677,405,0,12,19.83124379216811
65,33.365675166603154,-4092.0809381701993,"Location(x=145.125732, y=235.844177, z=0.246566)","Location(x=145.125076, y=236.931686, z=0.000000)",8.367317914962769,232,1,3,19.404342924808525
66,28.83806231118786,-4997.071392233456,"Location(x=154.504013, y=119.601768, z=0.001930)","Location(x=154.505569, y=109.438332, z=0.000000)",20.461366176605225,555,1,16,26.409224179197643
67,33.14297214774666,-5038.766603842799,"Location(x=48.853767, y=181.639664, z=0.175108)","Location(x=48.851044, y=187.574631, z=0.000000)",12.849576711654663,364,1,8,20.863624431203306
68,27.92924006401512,-4975.603239879959,"Location(x=196.397049, y=171.722168, z=0.273337)","Location(x=193.682129, y=171.719772, z=0.000000)",12.065394401550293,339,1,0,15.157017571861799
69,29.501770962413666,-5440.182466151823,"Location(x=115.675232, y=230.787430, z=0.274715)","Location(x=115.671516, y=236.913803, z=0.000000)",12.094970703125,331,1,8,18.739854321430716
70,25.349001209101722,-5516.361483478477,"Location(x=97.478035, y=245.079178, z=0.325009)","Location(x=97.480568, y=240.902756, z=0.000000)",8.761630535125732,242,1,4,17.132623857795338
71,24.904325919716516,-5434.542952743151,"Location(x=0.817131, y=232.714371, z=0.324859)","Location(x=-3.444041, y=232.720749, z=0.000000)",13.442721843719482,383,1,4,15.87285256052162
72,29.634236147466154,-6810.048685991131,"Location(x=-9.248266, y=88.773926, z=0.001798)","Location(x=-0.914780, y=106.904175, z=0.000000)",12.352795839309692,354,0,9,22.010593264592824
73,24.420484117365206,-6869.261233051258,"Location(x=72.408508, y=182.684647, z=0.321912)","Location(x=72.406250, y=187.585434, z=0.000000)",8.042260885238647,227,1,4,15.708061726583665
74,30.2660054086605,-6925.457809957166,"Location(x=184.655930, y=216.985291, z=0.325375)","Location(x=189.692368, y=216.984146, z=0.000000)",13.066469430923462,363,1,2,22.4836710180811
75,26.840729929289918,-7302.454546629503,"Location(x=3.608751, y=195.178299, z=0.292424)","Location(x=3.610411, y=191.553894, z=0.000000)",10.875561237335205,307,1,13,19.204699444410256
76,24.339005887750837,-7781.333739019339,"Location(x=37.464565, y=215.229294, z=0.325753)","Location(x=41.852242, y=215.228912, z=0.000000)",14.27640438079834,403,1,6,20.699694336452932
77,30.150977278328785,-8141.9828203029265,"Location(x=98.640991, y=244.676834, z=0.328839)","Location(x=98.643288, y=240.903458, z=0.000000)",13.239169836044312,373,1,7,22.217552348605558
78,34.93453891858952,-9143.472085585687,"Location(x=141.808411, y=292.586548, z=0.321704)","Location(x=141.812439, y=302.553589, z=0.000000)",15.19879150390625,424,1,8,21.43186730033012
79,34.0501545566421,-9539.357481417805,"Location(x=56.917419, y=199.666077, z=0.233665)","Location(x=56.921127, y=191.578339, z=0.000000)",18.9601788520813,533,1,10,22.352649801877835
80,27.650698834677844,-10339.908942690789,"Location(x=213.495041, y=185.307343, z=0.301817)","Location(x=193.685211, y=185.311829, z=0.000000)",12.30985164642334,345,0,2,20.073728199273305
81,44.00914953522569,-10392.981348095152,"Location(x=167.357147, y=299.226318, z=0.322237)","Location(x=167.358475, y=302.518494, z=0.000000)",14.066301822662354,393,1,9,21.898887742189313
82,21.934934783061408,-10311.526265211502,"Location(x=192.464569, y=109.879761, z=0.228527)","Location(x=191.409683, y=110.362679, z=0.000000)",8.924755096435547,253,1,15,13.957677908404182
83,30.055944318635742,-10681.839199980132,"Location(x=55.249027, y=199.259598, z=0.258199)","Location(x=55.252548, y=191.577576, z=0.000000)",9.730247259140015,274,1,8,20.407695828460028
84,21.601296464590412,-11007.885336222504,"Location(x=208.629349, y=190.796036, z=0.301917)","Location(x=193.686447, y=190.799423, z=0.000000)",13.517089366912842,379,1,0,16.736539126098105
85,25.422833133825918,-11057.732764721022,"Location(x=-11.323687, y=187.478668, z=0.303644)","Location(x=-7.454257, y=187.477798, z=0.000000)",8.30763053894043,236,1,2,18.032853648396557
86,30.79728835036967,-11078.611408402687,"Location(x=135.153519, y=245.508896, z=0.331305)","Location(x=135.156296, y=240.925629, z=0.000000)",9.624931812286377,270,1,2,17.97975511236375
87,28.522116606881223,-11499.448000473734,"Location(x=196.905060, y=307.711212, z=0.318609)","Location(x=191.011780, y=301.955017, z=0.000000)",12.337195634841919,349,1,8,17.389847592583063
88,32.85190964250455,-11697.515278829756,"Location(x=-12.320609, y=106.786934, z=0.325991)","Location(x=-5.687737, y=110.980743, z=0.000000)",11.717088222503662,336,1,14,21.98441898516532
89,30.089185911265194,-11880.261895103096,"Location(x=143.263428, y=232.422195, z=0.333008)","Location(x=143.260681, y=236.930557, z=0.000000)",12.03847074508667,334,1,4,18.041034477230202
90,30.888887512415376,-11910.702265251919,"Location(x=189.145111, y=106.329353, z=0.239927)","Location(x=188.298538, y=107.430641, z=0.000000)",10.82164216041565,300,1,7,20.849050069307726
91,31.38980827073375,-11961.44468869757,"Location(x=-11.561516, y=181.691574, z=0.324999)","Location(x=-7.455564, y=181.690643, z=0.000000)",9.16997766494751,257,1,4,16.859015961205248
92,38.656934337604056,-12378.75442933943,"Location(x=5.886263, y=165.775696, z=0.326433)","Location(x=-3.459160, y=165.761673, z=0.000000)",13.336919069290161,379,1,7,20.515018871301123
93,30.283447813099087,-12359.145323364173,"Location(x=-2.199964, y=313.316162, z=0.320724)","Location(x=-0.111288, y=305.968933, z=0.000000)",11.868620157241821,342,1,12,19.862761368268696
94,27.764843929079476,-12504.711432352175,"Location(x=0.557458, y=256.522400, z=0.322181)","Location(x=-3.430619, y=256.525818, z=0.000000)",10.395654439926147,296,1,10,17.854773233265576
95,29.876094872808242,-12477.861000681325,"Location(x=164.755173, y=297.984955, z=0.321478)","Location(x=164.757004, y=302.522064, z=0.000000)",16.83245539665222,473,1,13,21.766413763828204
96,31.356265108174302,-12720.330280913666,"Location(x=139.591599, y=226.598495, z=0.292710)","Location(x=136.122498, y=226.594986, z=0.000000)",14.491408586502075,401,1,12,22.26112717806063
97,18.435656055390176,-12631.339002764527,"Location(x=193.560867, y=111.208618, z=0.243873)","Location(x=192.297470, y=111.757309, z=0.000000)",4.243165731430054,121,1,1,9.170940904112252
98,34.7587235160748,-13029.048055202957,"Location(x=182.425644, y=140.775497, z=0.364790)","Location(x=189.709137, y=140.781937, z=0.000000)",14.537501573562622,406,1,6,21.189592862670274
99,35.34378819451346,-14073.380213613827,"Location(x=159.224243, y=292.473755, z=0.294965)","Location(x=159.228302, y=302.529663, z=0.000000)",13.373175382614136,372,1,11,21.040057496233555
100,32.55867968692827,-14376.265663729191,"Location(x=-9.280354, y=180.297043, z=0.276943)","Location(x=-7.455876, y=180.304703, z=0.000000)",19.397350072860718,550,1,7,21.42771652556104
101,30.49916265114282,-910.3200837433938,"Location(x=184.631454, y=177.069687, z=0.326096)","Location(x=189.683350, y=177.077301, z=0.000000)",15.257039785385132,415,1,6,21.41547574477425
102,26.48893306210494,-877.3906959497178,"Location(x=195.261719, y=121.330345, z=0.246967)","Location(x=193.735565, y=121.332191, z=0.000000)",8.80717396736145,247,1,7,17.513130421414488
103,31.06460865281686,-1489.6879567080261,"Location(x=213.585144, y=185.693024, z=0.301784)","Location(x=193.685303, y=185.697540, z=0.000000)",8.70603346824646,243,0,0,21.138181982099592
104,31.446334570586863,-1897.1297526616904,"Location(x=110.412399, y=179.405350, z=-0.007838)","Location(x=110.408630, y=187.602859, z=0.000000)",17.389885425567627,473,1,8,21.517284017372123
105,28.476136811009894,-2266.9379679275467,"Location(x=139.592987, y=228.535156, z=0.287274)","Location(x=136.120544, y=228.531631, z=0.000000)",12.123504877090454,331,1,14,17.301175957131477
106,30.510124202999304,-2490.431576170763,"Location(x=71.490852, y=196.410461, z=0.324740)","Location(x=71.493065, y=191.585022, z=0.000000)",10.905570030212402,307,1,12,16.891625727509634
107,41.725071937135695,-2700.882688720818,"Location(x=195.579941, y=248.427032, z=0.277337)","Location(x=193.699478, y=248.424011, z=0.000000)",17.654608249664307,486,1,2,23.89284773976663
108,30.79578849465886,-2821.2754175936775,"Location(x=188.278763, y=256.579651, z=0.271774)","Location(x=189.695984, y=256.578705, z=0.000000)",8.248347520828247,227,1,6,17.963396464642454
109,26.107681749563703,-3874.0013529106814,"Location(x=207.270309, y=202.855148, z=0.301775)","Location(x=193.689178, y=202.858215, z=0.000000)",12.354857206344604,340,1,10,20.389120025791073
110,29.393569499056266,-4058.522742359392,"Location(x=-11.782857, y=112.888710, z=0.326569)","Location(x=-7.040466, y=114.049751, z=0.000000)",12.874247312545776,364,1,17,20.38186407791193
111,26.32732252324735,-4086.232296650505,"Location(x=200.140518, y=242.430771, z=0.321041)","Location(x=193.698120, y=242.432236, z=0.000000)",11.923227548599243,331,1,2,16.15341415481312
112,38.7767209028702,-5088.767092224976,"Location(x=213.394547, y=179.169586, z=0.301792)","Location(x=193.683807, y=179.152145, z=0.000000)",18.73724937438965,522,0,6,25.31369167660007
113,22.22702568394668,-5318.764165231046,"Location(x=-12.455550, y=107.040985, z=0.322605)","Location(x=-5.878203, y=111.282684, z=0.000000)",4.48629093170166,127,1,3,12.287914102881059
114,30.286373603942607,-6021.325756174863,"Location(x=208.612610, y=189.381165, z=0.301843)","Location(x=193.686142, y=189.384552, z=0.000000)",17.9977810382843,489,1,4,25.787448693728454
115,28.512552926402176,-6487.115544413334,"Location(x=187.505875, y=307.861450, z=0.265231)","Location(x=186.504272, y=305.246399, z=0.000000)",26.12953233718872,733,1,10,21.937244981181586
116,39.64156475339631,-6601.659695765818,"Location(x=187.423279, y=262.392761, z=0.282511)","Location(x=189.692017, y=262.392365, z=0.000000)",10.487240076065063,291,1,7,20.624430191980085
117,34.84686246714007,-6533.777390258191,"Location(x=141.167404, y=111.751114, z=0.273444)","Location(x=141.169846, y=109.447388, z=0.000000)",17.73209261894226,491,1,8,18.999758705104835
118,29.58049049501352,-6511.8834235115355,"Location(x=42.188049, y=310.046722, z=0.276292)","Location(x=42.186459, y=306.534393, z=0.000000)",8.279523849487305,236,1,4,16.2357500973175
119,35.338597427193776,-6949.919674944382,"Location(x=-1.052674, y=313.401093, z=0.320722)","Location(x=0.964241, y=306.268036, z=0.000000)",14.34403681755066,408,1,21,21.292250751581033
120,35.052195119521556,-7173.6834155569195,"Location(x=-3.107788, y=313.570801, z=0.318570)","Location(x=-0.195183, y=305.940887, z=0.000000)",13.405802965164185,380,1,10,21.94051569334687
121,25.678953473266876,-7522.877965570695,"Location(x=-14.840590, y=303.875641, z=0.318745)","Location(x=-6.535417, y=300.425476, z=0.000000)",8.882776021957397,252,1,8,18.106769976861674
122,27.368273913616797,-7669.610612427888,"Location(x=-11.588367, y=113.570457, z=0.329208)","Location(x=-7.147805, y=114.515244, z=0.000000)",8.905709743499756,251,1,15,16.500225715053105
123,32.201448118833916,-8693.222759223601,"Location(x=194.322510, y=307.573730, z=0.325497)","Location(x=190.347015, y=302.648224, z=0.000000)",31.314372777938843,870,1,18,23.264528380207107
124,36.48207447558768,-9025.46697965717,"Location(x=111.315712, y=293.531189, z=0.321644)","Location(x=111.322792, y=302.551239, z=0.000000)",11.374494791030884,315,1,7,18.761142436797122
125,40.93829487848216,-10119.554380925836,"Location(x=157.150558, y=286.360779, z=0.314287)","Location(x=157.157074, y=302.532501, z=0.000000)",12.623382806777954,349,1,13,22.501758939767075
126,40.09693773584042,-10095.619107437233,"Location(x=133.213913, y=245.394150, z=0.319007)","Location(x=133.216614, y=240.924454, z=0.000000)",8.130715131759644,227,1,2,16.597958470567402
127,28.49142264652742,-10133.21722432509,"Location(x=-12.314748, y=109.534431, z=0.327082)","Location(x=-6.463305, y=112.396866, z=0.000000)",9.428798198699951,265,1,11,15.709294775141249
128,38.5985331391327,-10601.5670012923,"Location(x=7.512372, y=319.537262, z=0.317084)","Location(x=7.503524, y=306.558044, z=0.000000)",14.003305912017822,387,1,21,19.671441683875504
129,29.439967976664125,-11021.157673827065,"Location(x=176.571228, y=194.421982, z=0.311637)","Location(x=176.572510, y=191.633163, z=0.000000)",15.682558059692383,430,1,5,21.496370329685035
130,24.939434836893007,-13051.993310824037,"Location(x=63.857658, y=129.354630, z=0.001892)","Location(x=63.824940, y=109.400002, z=0.000000)",13.371561288833618,376,0,8,21.029978487335207
131,29.512510553008724,-13275.949000127372,"Location(x=197.726349, y=251.006699, z=0.325691)","Location(x=193.699799, y=251.004135, z=0.000000)",10.666269779205322,295,1,4,16.167248100639586
132,28.612207415524715,-13349.544577665505,"Location(x=43.124691, y=310.043152, z=0.272822)","Location(x=43.123104, y=306.533752, z=0.000000)",11.549481868743896,326,1,2,17.597978404317026
133,30.52678580105457,-13396.196122143834,"Location(x=134.667145, y=182.894608, z=0.330511)","Location(x=134.664993, y=187.613968, z=0.000000)",7.495525360107422,208,1,2,17.042205468130717
134,26.53056527367751,-13545.762535322718,"Location(x=0.526322, y=267.126343, z=0.323528)","Location(x=-3.413780, y=267.129730, z=0.000000)",7.2867431640625,206,1,11,18.077404645444354
135,37.51380443067319,-13799.735154996235,"Location(x=158.738495, y=295.834534, z=0.295444)","Location(x=158.741196, y=302.530334, z=0.000000)",10.279700994491577,284,1,11,18.906441507174595
136,36.61674307258065,-13865.166184107364,"Location(x=38.208611, y=238.077194, z=0.296724)","Location(x=41.854221, y=238.076874, z=0.000000)",7.278886079788208,205,1,2,17.510491868237335
137,30.590908351424265,-14091.500126128265,"Location(x=5.687354, y=195.187592, z=0.288490)","Location(x=5.689019, y=191.554855, z=0.000000)",14.737505912780762,410,1,16,14.545926358498983
138,30.251531926905333,-14127.413974746618,"Location(x=-11.501296, y=186.837021, z=0.322947)","Location(x=-7.454402, y=186.836105, z=0.000000)",17.641414880752563,495,1,6,19.100025332578582
139,25.12734647085931,-15089.98239360316,"Location(x=-7.835862, y=88.272095, z=0.001797)","Location(x=0.167161, y=106.425636, z=0.000000)",8.328998565673828,237,0,9,15.38209638522159
140,38.80512056852766,-15741.345516422396,"Location(x=167.126205, y=299.362915, z=0.300024)","Location(x=167.127472, y=302.518829, z=0.000000)",21.818020582199097,597,1,9,27.893196270227357
141,32.671258943090876,-15983.651277809095,"Location(x=-10.828149, y=209.422165, z=0.302778)","Location(x=-7.449303, y=209.419281, z=0.000000)",9.846791505813599,277,1,10,16.77566185427819
142,35.408471960880874,-16102.86698109165,"Location(x=144.496338, y=234.272125, z=0.297637)","Location(x=144.494720, y=236.931305, z=0.000000)",15.373164653778076,420,1,5,14.576930627099566
143,37.04876109184584,-16541.552442815675,"Location(x=193.136963, y=112.004410, z=0.221703)","Location(x=192.571564, y=112.294067, z=0.000000)",27.098204135894775,731,1,26,25.550734579962526
144,24.001867177796647,-16455.1032354208,"Location(x=196.616318, y=239.738953, z=0.272240)","Location(x=193.697510, y=239.739609, z=0.000000)",10.962439775466919,302,1,3,12.251357885979822
145,26.75729162550068,-16538.08327251728,"Location(x=-7.644139, y=311.302032, z=0.318954)","Location(x=-3.080561, y=304.496490, z=0.000000)",9.808652639389038,277,1,9,16.031187218186883
146,33.14515443107227,-16917.545379119078,"Location(x=199.546204, y=242.844330, z=0.324866)","Location(x=193.698212, y=242.845657, z=0.000000)",17.827963829040527,488,1,10,24.893981118182744
147,29.801515633029975,-16953.520745511127,"Location(x=189.677628, y=307.812897, z=0.272805)","Location(x=187.696320, y=304.621979, z=0.000000)",3.902094841003418,109,1,6,14.44833382366709
148,37.033125603096245,-17158.0037300928,"Location(x=143.323135, y=185.045349, z=0.283344)","Location(x=143.321960, y=187.617935, z=0.000000)",11.158593893051147,306,1,5,18.310066222192432
149,23.18221432910837,-20032.099427756,"Location(x=46.803539, y=129.378296, z=0.001876)","Location(x=46.779396, y=109.398453, z=0.000000)",21.596189737319946,607,0,10,23.361302482704303
150,31.704344538414823,-20122.895674114778,"Location(x=32.779987, y=192.678024, z=0.247429)","Location(x=32.780495, y=191.567276, z=0.000000)",26.753888368606567,747,1,11,19.353909763902106
151,31.624334015764955,-265.74393807561387,"Location(x=-10.680943, y=310.227081, z=0.316395)","Location(x=-4.339324, y=303.494507, z=0.000000)",18.48593306541443,523,1,10,20.871217371066667
152,26.713541912676675,-424.7856366932115,"Location(x=-5.132457, y=312.850983, z=0.318606)","Location(x=-1.314999, y=305.496674, z=0.000000)",20.473485469818115,577,1,21,19.571879160515714
153,33.560453829442345,-709.6585819909149,"Location(x=-11.843640, y=191.298447, z=0.328130)","Location(x=-7.453394, y=191.297455, z=0.000000)",15.263553142547607,427,1,18,20.540596298146852
154,27.261973031851753,-896.7769140594363,"Location(x=185.233856, y=225.106796, z=0.326100)","Location(x=189.694199, y=225.105789, z=0.000000)",9.634851217269897,258,1,4,17.890934226858576
155,26.256924202705125,-1196.350452427936,"Location(x=130.603912, y=180.063904, z=0.409826)","Location(x=130.600464, y=187.612106, z=0.000000)",11.271139860153198,294,1,8,14.9592001746826
156,33.38068919231567,-1286.086759585828,"Location(x=42.813869, y=179.094727, z=0.110829)","Location(x=42.809982, y=187.571854, z=0.000000)",22.983535051345825,598,1,2,20.41869520910296
157,32.71429644063282,-1445.3293058451438,"Location(x=38.213570, y=236.807617, z=0.299940)","Location(x=41.854111, y=236.807297, z=0.000000)",14.81622838973999,400,1,8,21.909296542372502
158,31.417632693167352,-1712.3166841588757,"Location(x=-14.040361, y=150.909317, z=0.287495)","Location(x=-7.435003, y=150.919220, z=0.000000)",14.396024465560913,359,1,10,21.337189769224764
159,28.449811846151583,-1736.7905987169809,"Location(x=38.377728, y=236.634247, z=0.284706)","Location(x=41.854095, y=236.633942, z=0.000000)",21.38884735107422,558,1,14,15.68959530955629
160,36.16792423695873,-2011.2715020197088,"Location(x=111.603165, y=182.033798, z=0.284190)","Location(x=111.600601, y=187.603394, z=0.000000)",12.41698956489563,318,1,8,16.91190967280619
161,33.035691411119664,-2136.332166198298,"Location(x=146.288528, y=111.825233, z=0.276618)","Location(x=146.290970, y=109.443909, z=0.000000)",7.573439836502075,200,1,9,15.490673662810602
162,27.683396910420246,-3003.1276053932643,"Location(x=-8.949862, y=88.610298, z=0.001844)","Location(x=-0.914780, y=106.904175, z=0.000000)",13.965293645858765,369,0,10,20.82046601795117
163,44.92394569679972,-4507.100896008862,"Location(x=204.436188, y=202.669876, z=0.301788)","Location(x=193.689133, y=202.672302, z=0.000000)",16.11141061782837,420,1,10,21.50895794036128
164,39.85989477919196,-4765.681057052711,"Location(x=197.945526, y=233.411499, z=0.325775)","Location(x=193.696091, y=233.412460, z=0.000000)",20.853199005126953,536,1,7,28.093118671268076
165,38.767384010545584,-4868.859491795514,"Location(x=38.417305, y=239.148544, z=0.276191)","Location(x=41.854317, y=239.148239, z=0.000000)",21.37708330154419,553,1,12,26.7837758294233
166,34.50478651818047,-4872.242089272387,"Location(x=-11.023978, y=189.267670, z=0.284620)","Location(x=-7.453853, y=189.266861, z=0.000000)",19.884172439575195,529,1,10,21.216549708853368
167,31.56590273283678,-5577.497362002109,"Location(x=-9.859162, y=89.224640, z=0.001721)","Location(x=-0.914780, y=106.904175, z=0.000000)",14.961653709411621,399,0,14,22.882735141657548
168,28.832631434869416,-5820.943091290266,"Location(x=172.902405, y=232.901596, z=0.322128)","Location(x=172.899948, y=236.948547, z=0.000000)",21.99642848968506,569,1,10,21.91157780631587
169,36.02175955852928,-6432.383571734739,"Location(x=183.178146, y=143.273285, z=0.299360)","Location(x=189.705734, y=143.279053, z=0.000000)",22.074660778045654,576,1,13,23.472722402957572
170,34.461918870662174,-6664.743163176953,"Location(x=84.164810, y=196.826874, z=0.310811)","Location(x=84.167206, y=191.590820, z=0.000000)",17.954862117767334,467,1,10,19.10111597783987
171,21.576795211071882,-6905.122862328638,"Location(x=184.806946, y=209.848602, z=0.330108)","Location(x=189.690750, y=209.847488, z=0.000000)",14.183047771453857,369,1,5,20.10024320735464
172,29.719740428820625,-6863.120829066091,"Location(x=134.727692, y=183.001129, z=0.336871)","Location(x=134.725586, y=187.613998, z=0.000000)",8.59089183807373,225,1,1,15.673513686129843
173,29.152477529452387,-6779.464397991862,"Location(x=133.107071, y=245.432236, z=0.331201)","Location(x=133.109787, y=240.924393, z=0.000000)",8.826183080673218,233,1,0,16.14541464263289
174,20.10520865704612,-6842.682969797485,"Location(x=191.244431, y=307.726013, z=0.291737)","Location(x=188.564713, y=304.065369, z=0.000000)",6.133580923080444,165,1,6,9.524006825363324
175,23.78689161534302,-7097.859694455516,"Location(x=25.736790, y=179.646790, z=0.169112)","Location(x=25.733164, y=187.564041, z=0.000000)",11.353271722793579,301,1,2,18.51509353667497
176,35.49761850674239,-7616.649077844145,"Location(x=72.018181, y=197.268585, z=0.302870)","Location(x=72.020782, y=191.585251, z=0.000000)",19.08659052848816,477,1,6,21.33196423148818
177,30.65843917778199,-7943.837343762487,"Location(x=-14.200041, y=122.869041, z=0.326368)","Location(x=-7.371964, y=122.879295, z=0.000000)",9.817140579223633,263,1,10,15.698978898923018
178,30.700511553095332,-8092.835699850344,"Location(x=62.819950, y=197.941406, z=0.280755)","Location(x=62.822868, y=191.581039, z=0.000000)",13.386541843414307,346,1,2,17.157851396767583
179,18.12701168149063,-8263.270663140951,"Location(x=0.488099, y=248.973419, z=0.322817)","Location(x=-3.440370, y=248.979507, z=0.000000)",12.120733976364136,319,1,10,10.501728527364346
180,43.87914509518681,-9112.608838669634,"Location(x=159.491241, y=291.063721, z=0.294848)","Location(x=159.495865, y=302.529297, z=0.000000)",23.038394689559937,603,1,20,26.891148459825864
181,36.32861381032561,-9194.415266608323,"Location(x=3.983790, y=195.383759, z=0.305014)","Location(x=3.985545, y=191.554077, z=0.000000)",9.08838415145874,240,1,10,17.465480462597913
182,28.676114483002063,-9392.71316827548,"Location(x=144.340881, y=195.801865, z=0.331428)","Location(x=144.331085, y=191.618393, z=0.000000)",10.216048002243042,262,1,8,16.02065950213691
183,28.976474185759383,-9601.651550058443,"Location(x=54.890244, y=182.826279, z=0.324675)","Location(x=54.888054, y=187.577408, z=0.000000)",11.568634033203125,295,1,4,17.171735992972476
184,38.091621161957704,-10595.28409046163,"Location(x=213.531616, y=290.891846, z=0.301788)","Location(x=193.672531, y=290.879181, z=0.000000)",23.88130211830139,613,0,22,27.586124637856656
185,40.381135552521144,-11979.126836710662,"Location(x=-27.440060, y=225.979446, z=0.276576)","Location(x=-7.445567, y=225.962357, z=0.000000)",15.021448373794556,397,0,9,18.78876200185043
186,32.75278245308396,-12520.543616973326,"Location(x=-13.025304, y=132.470871, z=0.325599)","Location(x=-7.393547, y=132.479324, z=0.000000)",21.610546588897705,566,1,28,29.196486556627335
187,25.22523838333715,-12597.6760006529,"Location(x=38.589104, y=110.560913, z=0.234910)","Location(x=38.587646, y=109.428032, z=0.000000)",19.996901035308838,531,1,26,19.222499040778246
188,37.84323458676516,-12742.542103347654,"Location(x=86.459526, y=244.782196, z=0.327684)","Location(x=86.461884, y=240.896057, z=0.000000)",15.791563987731934,410,1,11,23.58507260405148
189,31.689315493144896,-13191.743491620387,"Location(x=58.919647, y=199.294983, z=0.255887)","Location(x=58.923183, y=191.579254, z=0.000000)",11.024634838104248,288,1,8,18.010950308239522
190,28.479209880902882,-13419.456249556823,"Location(x=193.057022, y=307.596252, z=0.329488)","Location(x=189.499146, y=303.376068, z=0.000000)",34.515477657318115,887,1,17,22.815028605561302
191,36.42158151444486,-13664.65331053481,"Location(x=199.941635, y=241.518982, z=0.324639)","Location(x=193.697922, y=241.520401, z=0.000000)",23.55696415901184,601,1,6,23.360015072496893
192,27.418597403551267,-13732.929204249644,"Location(x=186.285721, y=272.336182, z=0.298653)","Location(x=189.685211, y=272.336517, z=0.000000)",6.8581702709198,179,1,7,13.938497889934185
193,38.16632550164909,-14294.563345786173,"Location(x=212.793976, y=301.716034, z=0.301787)","Location(x=193.373016, y=297.394379, z=0.000000)",17.34024930000305,455,0,16,18.40140741155592
195,30.063704353332195,-14224.36833959543,"Location(x=197.996017, y=237.238388, z=0.329059)","Location(x=193.696945, y=237.239365, z=0.000000)",16.487815141677856,431,1,2,11.882559146732328
196,29.163803879784425,-15039.420588385812,"Location(x=-9.628514, y=89.192032, z=0.001681)","Location(x=-0.914780, y=106.904175, z=0.000000)",9.77006983757019,262,0,10,13.619088217808837
197,31.300455816300072,-15291.865288555515,"Location(x=-5.053185, y=312.721832, z=0.319624)","Location(x=-1.314999, y=305.496674, z=0.000000)",31.067988634109497,819,1,20,22.601675819931284
198,30.23741945673073,-15325.410998952311,"Location(x=133.899979, y=183.161652, z=0.331808)","Location(x=133.897949, y=187.613617, z=0.000000)",8.466004371643066,218,1,5,16.144923721818827
199,31.51226855977034,-15460.570509280455,"Location(x=49.663368, y=310.002411, z=0.285739)","Location(x=49.659756, y=306.530365, z=0.000000)",9.41147518157959,252,1,4,15.557432988341231
200,32.34579164692836,-15537.26102061523,"Location(x=17.777523, y=196.465881, z=0.320193)","Location(x=17.779770, y=191.560394, z=0.000000)",18.578638553619385,489,1,8,13.135017578895392
201,25.745423693901735,-290.87220592176806,"Location(x=37.478176, y=229.747849, z=0.325834)","Location(x=41.853500, y=229.747467, z=0.000000)",11.026135444641113,293,1,4,15.851028733142325
202,31.912342560524007,-916.6860697069567,"Location(x=213.486069, y=195.849564, z=0.301917)","Location(x=193.687592, y=195.854050, z=0.000000)",14.04926586151123,367,0,3,18.93211972318208
203,39.18292711732065,-1735.838921222476,"Location(x=213.638138, y=292.731995, z=0.301732)","Location(x=193.671265, y=292.719269, z=0.000000)",16.18655014038086,421,0,18,20.345360523307104
204,28.65494514199329,-1755.9616247514093,"Location(x=-11.736646, y=185.834915, z=0.316087)","Location(x=-7.454628, y=185.833954, z=0.000000)",7.753515958786011,203,1,2,15.266602397990802
205,38.126881130533064,-1805.305631615233,"Location(x=35.487339, y=196.885620, z=0.330622)","Location(x=35.572140, y=191.568542, z=0.000000)",24.738285779953003,651,1,6,11.740548821651375
206,31.270313673955375,-1860.6377500816775,"Location(x=55.538334, y=185.028061, z=0.283858)","Location(x=55.537148, y=187.577698, z=0.000000)",10.17218828201294,262,1,3,15.795470331314599
207,32.99564758918825,-2016.9668290968523,"Location(x=197.125107, y=227.754410, z=0.302128)","Location(x=193.694809, y=227.755188, z=0.000000)",11.162587881088257,288,1,8,18.299571154926994
208,32.64406492544866,-2074.3413749438246,"Location(x=47.974102, y=309.874908, z=0.270243)","Location(x=47.972588, y=306.530457, z=0.000000)",10.745578289031982,285,1,2,13.607001083937217
209,40.73045801421903,-2203.620667390655,"Location(x=47.219139, y=249.665466, z=0.244550)","Location(x=45.855228, y=249.665604, z=0.000000)",8.928979635238647,231,1,2,17.585094654917107
210,35.17265862718096,-2347.4956679992138,"Location(x=43.860325, y=179.239487, z=0.128187)","Location(x=43.856503, y=187.572342, z=0.000000)",13.382650136947632,348,1,2,14.574840665337323
211,31.48050597056713,-2375.430017629638,"Location(x=47.053818, y=179.484238, z=0.140573)","Location(x=47.050106, y=187.573807, z=0.000000)",10.814429521560669,287,1,2,14.081650678652569
212,26.946275835957646,-2502.331808095374,"Location(x=83.574478, y=232.955444, z=0.329200)","Location(x=83.572090, y=236.894302, z=0.000000)",8.612765550613403,218,1,7,12.773039785003293
213,27.941972045701245,-2827.7123345101622,"Location(x=48.283184, y=205.803253, z=0.309030)","Location(x=45.851421, y=205.803467, z=0.000000)",13.124525547027588,342,1,3,21.273223324009845
214,26.36198507404938,-3000.962060142303,"Location(x=78.028168, y=310.639862, z=0.328649)","Location(x=78.028412, y=306.539978, z=0.000000)",10.253723859786987,267,1,8,13.951342148388532
215,31.006437383080698,-3125.463882508291,"Location(x=164.690918, y=104.310623, z=0.241120)","Location(x=164.690826, y=105.431412, z=0.000000)",22.876764059066772,589,1,27,20.214370028590327
216,30.365032020128204,-3210.598041420042,"Location(x=55.677734, y=308.621857, z=0.270851)","Location(x=55.677856, y=306.532410, z=0.000000)",11.415720462799072,304,1,7,12.120640617633601
217,23.54546945571744,-3361.6583579477337,"Location(x=-10.812993, y=209.506851, z=0.296249)","Location(x=-7.449284, y=209.503967, z=0.000000)",8.045376062393188,214,1,8,13.155218628029585
218,25.434921906586244,-4325.8133206898965,"Location(x=212.990112, y=301.162628, z=0.301785)","Location(x=193.373016, y=297.394379, z=0.000000)",15.291527509689331,394,0,15,21.32301011889654
219,30.1763576738512,-5056.894725455235,"Location(x=213.559113, y=184.346436, z=0.301886)","Location(x=193.684998, y=184.350937, z=0.000000)",10.048499822616577,262,0,2,19.73510238446112
220,24.617483736862862,-5215.5834217249085,"Location(x=88.726486, y=297.537476, z=0.323382)","Location(x=88.731956, y=302.543610, z=0.000000)",10.563134670257568,238,1,8,14.140936744880845
221,34.55123051837517,-6489.022337862633,"Location(x=213.339111, y=202.983719, z=0.301817)","Location(x=193.689209, y=202.988159, z=0.000000)",14.106643676757812,360,1,9,20.015562350099508
222,33.98784313746577,-6417.918646308233,"Location(x=-11.055474, y=188.684372, z=0.294717)","Location(x=-7.453985, y=188.683563, z=0.000000)",15.369300603866577,409,1,2,10.336511137981782
223,51.19824455215445,-7981.711283181583,"Location(x=207.240295, y=103.088501, z=0.302485)","Location(x=192.034149, y=111.297066, z=0.000000)",14.731651067733765,379,1,10,22.432201805869365
224,24.79579602586599,-7960.104502374839,"Location(x=-10.974117, y=302.646790, z=0.320983)","Location(x=-6.535417, y=300.425476, z=0.000000)",7.745703458786011,200,1,8,11.253816407855094
225,28.774907391889904,-8277.56409178862,"Location(x=100.388115, y=230.350555, z=0.277688)","Location(x=100.384132, y=236.904510, z=0.000000)",12.5444655418396,313,1,8,14.783231328165925
226,34.17305159983376,-8484.844025307248,"Location(x=135.522217, y=176.850296, z=0.476598)","Location(x=135.517288, y=187.614365, z=0.000000)",13.038020372390747,332,1,2,12.690044140128096
227,33.39619561018786,-8471.846775493113,"Location(x=129.889389, y=245.631577, z=0.329983)","Location(x=129.892227, y=240.922440, z=0.000000)",10.302367448806763,264,1,2,14.549456456385283
228,32.75075528974836,-8396.219758122998,"Location(x=85.337334, y=244.942917, z=0.322394)","Location(x=85.339790, y=240.895386, z=0.000000)",44.25585198402405,1130,1,15,7.555272654472969
229,32.37247876453176,-9162.59467312765,"Location(x=-11.265677, y=89.778908, z=0.001543)","Location(x=-1.654514, y=107.303383, z=0.000000)",11.136003494262695,289,0,9,20.100912053289722
230,32.007295601127105,-9835.950771455213,"Location(x=213.197021, y=298.789917, z=0.301875)","Location(x=193.591187, y=296.185181, z=0.000000)",15.91347599029541,417,0,4,9.35232306156322
231,27.280950556400505,-10719.982950858357,"Location(x=-1.894144, y=86.359459, z=0.001860)","Location(x=2.439472, y=105.775093, z=0.000000)",15.13604736328125,397,0,14,19.941405968918446
232,22.505737988987626,-10869.273515420067,"Location(x=185.658829, y=137.560638, z=0.319263)","Location(x=189.713501, y=137.564209, z=0.000000)",7.396395683288574,191,1,7,14.176195188250077
233,31.67210257114436,-11205.329163290136,"Location(x=208.513535, y=187.613785, z=0.301815)","Location(x=193.685730, y=187.617157, z=0.000000)",10.529803276062012,272,1,2,16.788313397123606
234,28.049966600447213,-11682.720175839255,"Location(x=61.256054, y=252.747070, z=0.309051)","Location(x=61.263260, y=240.880753, z=0.000000)",14.210466623306274,363,1,7,13.450787200815482
235,29.16273509387003,-12309.704335544888,"Location(x=-13.296368, y=131.366608, z=0.328193)","Location(x=-7.391065, y=131.375458, z=0.000000)",13.171261548995972,340,1,21,15.033623460120774
236,27.82075209743098,-12071.150108536114,"Location(x=133.870453, y=245.473709, z=0.323427)","Location(x=133.873199, y=240.924850, z=0.000000)",25.017444610595703,644,1,2,5.880932337700766
237,36.07186432271567,-12213.890036821696,"Location(x=3.167879, y=195.129639, z=0.282935)","Location(x=3.169770, y=191.553696, z=0.000000)",9.262826204299927,235,1,9,17.53052681899729
238,24.835456895237147,-12320.339757994652,"Location(x=0.425541, y=232.756531, z=0.328165)","Location(x=-3.444032, y=232.762573, z=0.000000)",8.255573987960815,211,1,9,13.137883924663504
239,28.49231345878035,-12418.15918190284,"Location(x=139.996765, y=232.249878, z=0.275529)","Location(x=136.118652, y=232.475067, z=0.000000)",12.959741115570068,326,1,4,12.35539863794195
240,31.075313128828665,-12794.431148809534,"Location(x=114.456757, y=293.792114, z=0.321594)","Location(x=114.463737, y=302.552307, z=0.000000)",13.380249261856079,345,1,8,14.372003066658424
241,29.54490045178993,-13031.651447266235,"Location(x=9.342978, y=185.201630, z=0.290100)","Location(x=9.341900, y=187.556519, z=0.000000)",16.768774032592773,437,1,12,23.799102198357534
242,34.09543470594736,-13011.271969304722,"Location(x=-10.881065, y=189.392609, z=0.281994)","Location(x=-7.453825, y=189.391830, z=0.000000)",9.685816764831543,250,1,2,11.930640099786006
243,34.037588356184074,-13020.12809618123,"Location(x=189.776611, y=107.182533, z=0.226230)","Location(x=188.982056, y=107.912361, z=0.000000)",12.741447925567627,334,1,16,18.97287492034035
244,28.705098991236362,-14671.556962064065,"Location(x=32.290176, y=129.370651, z=0.001875)","Location(x=32.266148, y=109.450851, z=0.000000)",12.13221788406372,319,0,10,19.73251084214316
245,23.91383662615813,-14764.468265896323,"Location(x=186.283371, y=273.117432, z=0.296375)","Location(x=189.684677, y=273.117767, z=0.000000)",8.109220504760742,206,1,7,11.641216311941879
246,23.260897537092166,-14772.912450552143,"Location(x=200.838409, y=290.620392, z=0.307138)","Location(x=193.672714, y=290.615814, z=0.000000)",10.368241310119629,263,1,4,12.0010254282453
247,31.5695037000908,-15063.13190767523,"Location(x=53.336502, y=252.647202, z=0.326272)","Location(x=45.855488, y=252.647873, z=0.000000)",10.188857316970825,264,1,2,17.15250589368181
248,33.669745791747374,-15800.112424268747,"Location(x=-4.433251, y=86.980591, z=0.001786)","Location(x=1.288387, y=106.048225, z=0.000000)",16.123199462890625,374,0,16,20.986723592948966
249,25.79327756411119,-15722.867150052509,"Location(x=160.355362, y=299.376129, z=0.299237)","Location(x=160.356644, y=302.528107, z=0.000000)",25.9715518951416,673,1,18,11.724904155946072
250,26.657953486448584,-16201.254448668256,"Location(x=64.563820, y=251.090485, z=0.305374)","Location(x=64.570015, y=240.882767, z=0.000000)",12.575888395309448,320,1,12,15.351785177028685
251,39.19631748638166,-176.44111065530942,"Location(x=-12.200963, y=107.667397, z=0.324450)","Location(x=-6.124787, y=111.712372, z=0.000000)",12.45862078666687,325,1,15,22.75161182862779
252,29.10647533589784,-274.27226717847503,"Location(x=0.386434, y=262.105988, z=0.328073)","Location(x=-3.421752, y=262.109253, z=0.000000)",9.234829187393188,240,1,8,13.31382573900664
253,33.85233049691815,-437.4647523970391,"Location(x=45.001953, y=179.375504, z=0.137980)","Location(x=44.998192, y=187.572861, z=0.000000)",10.943631172180176,287,1,6,17.610225376849524
254,22.96090118131268,-695.153381764194,"Location(x=128.880066, y=180.188187, z=0.398611)","Location(x=128.876678, y=187.611313, z=0.000000)",10.200665950775146,256,1,5,11.67922102444315
255,23.091570500247457,-859.268931357865,"Location(x=50.292358, y=274.149872, z=0.324653)","Location(x=45.857353, y=274.150269, z=0.000000)",17.510640621185303,453,1,10,17.302920060164812
256,33.304376768264596,-999.1602015494451,"Location(x=35.212532, y=311.606140, z=0.323118)","Location(x=35.210239, y=306.539154, z=0.000000)",10.126945495605469,260,1,4,15.777607657780486
257,42.655722017127744,-1108.1788410970546,"Location(x=185.281616, y=205.700333, z=0.337529)","Location(x=189.689819, y=205.699326, z=0.000000)",23.19765019416809,587,1,8,11.44781837466887
258,28.926798285615796,-1221.4233314177036,"Location(x=132.673660, y=182.681519, z=0.348792)","Location(x=132.671402, y=187.613052, z=0.000000)",9.804276943206787,248,1,4,13.112513459706275
259,34.40417133164102,-1449.8047652055793,"Location(x=140.327194, y=177.001480, z=-0.018429)","Location(x=140.322342, y=187.616562, z=0.000000)",12.392368078231812,322,1,2,16.860755013502096
260,24.08881561276432,-1532.2367986995002,"Location(x=0.225701, y=260.280945, z=0.304147)","Location(x=-3.424651, y=260.284058, z=0.000000)",9.898578882217407,257,1,8,11.710233252022684
261,31.981996648501426,-2881.185419287422,"Location(x=209.405563, y=143.158310, z=0.302493)","Location(x=193.705933, y=143.147614, z=0.000000)",15.399213075637817,399,1,20,21.760392330178732
262,30.646226518479125,-3052.858260292618,"Location(x=0.486921, y=222.902527, z=0.327891)","Location(x=-3.446257, y=222.908630, z=0.000000)",16.648557901382446,428,1,14,20.778290361210097
263,25.063389318773805,-2665.149758378629,"Location(x=52.955811, y=307.004120, z=0.230002)","Location(x=52.955837, y=306.531464, z=0.000000)",39.37363910675049,1024,1,8,3.666121279739706
264,28.085065134138844,-2774.1038213087268,"Location(x=20.797886, y=103.592026, z=0.267829)","Location(x=20.792927, y=105.492249, z=0.000000)",7.280372858047485,185,1,9,11.909865730433465
265,20.401264811064717,-3123.2726609290457,"Location(x=54.436932, y=232.566635, z=0.338279)","Location(x=54.427807, y=236.876602, z=0.000000)",10.6783287525177,274,1,9,12.742011557674646
266,33.84228150519605,-3436.87001074554,"Location(x=167.008575, y=232.560486, z=0.324163)","Location(x=167.005920, y=236.944977, z=0.000000)",13.807656049728394,349,1,8,19.858974746275678
267,26.387137332384764,-3593.5852434518274,"Location(x=145.122375, y=310.237030, z=0.325315)","Location(x=145.126022, y=306.549042, z=0.000000)",9.070901870727539,233,1,7,16.004266412892417
268,31.44704776297132,-5236.196823767412,"Location(x=28.683882, y=117.538292, z=0.001941)","Location(x=28.674105, y=109.463814, z=0.000000)",18.85723304748535,492,1,16,23.78441652894278
269,32.968510178665625,-4980.114414460695,"Location(x=151.672867, y=301.463440, z=0.241108)","Location(x=151.673309, y=302.540039, z=0.000000)",39.438886880874634,1004,1,18,8.755126193902969
270,40.58256781695321,-4668.961843403451,"Location(x=189.432373, y=307.703552, z=0.273441)","Location(x=187.546158, y=304.709106, z=0.000000)",33.57059121131897,913,1,8,4.977886084236433
271,27.61009950403624,-5052.470787572201,"Location(x=200.370071, y=307.844452, z=0.305325)","Location(x=191.614227, y=301.201721, z=0.000000)",10.459212064743042,286,1,8,16.527151379498825
272,22.43739046947937,-5368.532936124093,"Location(x=-11.668093, y=110.698036, z=0.327247)","Location(x=-6.660084, y=112.866341, z=0.000000)",28.4714093208313,781,1,40,22.810993936376057
273,26.654465277175376,-5517.087937591325,"Location(x=160.138214, y=195.731369, z=0.323599)","Location(x=160.140091, y=191.625641, z=0.000000)",8.281816244125366,222,1,8,11.385433426217364
274,27.973071232654192,-6081.440643504361,"Location(x=15.195910, y=318.519989, z=0.317950)","Location(x=15.187752, y=306.552795, z=0.000000)",22.414785385131836,560,1,28,22.516626019140823
275,30.966338584355604,-6166.317328853599,"Location(x=131.370911, y=181.569290, z=0.359400)","Location(x=131.368149, y=187.612457, z=0.000000)",16.972981452941895,454,1,6,9.730570519970026
276,32.87325051944683,-6483.613214929101,"Location(x=184.976532, y=178.242950, z=0.326010)","Location(x=189.683609, y=178.250259, z=0.000000)",14.035969972610474,377,1,8,10.882652076998532
277,40.030944073407134,-6688.113929044639,"Location(x=191.965134, y=307.659180, z=0.305953)","Location(x=189.118439, y=303.661621, z=0.000000)",34.384552001953125,916,1,21,22.150615488729507
278,26.72025941970499,-6143.566569992127,"Location(x=0.176982, y=271.347290, z=0.309605)","Location(x=-3.407077, y=271.350342, z=0.000000)",41.852851152420044,1149,1,14,5.16080524999071
279,33.10301254348999,-6136.298509985916,"Location(x=-11.448281, y=187.175705, z=0.308684)","Location(x=-7.454325, y=187.174805, z=0.000000)",9.927986145019531,273,1,2,15.696860173326062
280,24.262701456377158,-5993.090114223689,"Location(x=46.898243, y=292.033325, z=0.243351)","Location(x=45.858910, y=292.033417, z=0.000000)",16.41711115837097,450,1,5,4.413997098419139
281,24.228464066409614,-6809.72471674451,"Location(x=-7.120985, y=87.840317, z=0.001924)","Location(x=0.167161, y=106.425636, z=0.000000)",13.668275117874146,373,0,9,9.840474106240679
282,25.774910870843666,-7976.553927085437,"Location(x=48.592339, y=97.725182, z=0.001905)","Location(x=48.600124, y=105.392189, z=0.000000)",22.168746948242188,578,1,10,9.539563235366641
283,41.53610554718951,-7957.209331583668,"Location(x=139.776947, y=198.750870, z=0.288585)","Location(x=136.150787, y=198.698975, z=0.000000)",9.966458320617676,248,1,2,16.66318549412958
284,37.57098850059945,-8073.082246619622,"Location(x=38.235981, y=238.235672, z=0.296286)","Location(x=41.854237, y=238.235352, z=0.000000)",14.822391033172607,382,1,6,22.932339720105222
285,17.017632395580108,-7960.9671149153455,"Location(x=188.193939, y=105.848122, z=0.236703)","Location(x=187.543045, y=106.973656, z=0.000000)",12.496587991714478,322,1,9,12.763179125273018
286,26.489209837501733,-7895.0670474800345,"Location(x=189.400421, y=106.930717, z=0.226426)","Location(x=188.812927, y=107.786598, z=0.000000)",7.851547956466675,202,1,7,8.591920915805117
287,25.98978770707007,-7924.248113913923,"Location(x=190.458237, y=307.753693, z=0.281875)","Location(x=188.382843, y=304.189758, z=0.000000)",6.333178281784058,164,1,8,9.559604717507419
288,33.20550928066978,-7903.849535073891,"Location(x=139.509659, y=227.887634, z=0.290492)","Location(x=136.121201, y=227.884201, z=0.000000)",18.48062777519226,460,1,10,8.998814282369672
289,28.175088670543914,-7551.100323645667,"Location(x=192.427139, y=307.774506, z=0.313094)","Location(x=189.364212, y=303.478516, z=0.000000)",38.26508951187134,978,1,12,6.211858406798039
290,19.547795919863997,-7768.61945669054,"Location(x=-10.574856, y=309.681000, z=0.316341)","Location(x=-4.339324, y=303.494507, z=0.000000)",8.682461500167847,229,1,9,10.317113956042451
291,30.997223476007704,-7975.017533619595,"Location(x=38.388290, y=178.739807, z=0.056161)","Location(x=38.384239, y=187.569824, z=0.000000)",13.769961833953857,348,1,10,14.93532107848549
292,49.14861858639645,-8577.56583388284,"Location(x=176.728821, y=90.041122, z=0.334264)","Location(x=176.727509, y=105.423241, z=0.000000)",53.994455099105835,1351,1,26,10.064615455025644
293,26.68609230886811,-8677.548846352489,"Location(x=81.723320, y=232.136383, z=0.322165)","Location(x=81.720436, y=236.893173, z=0.000000)",10.417806625366211,262,1,8,10.058483379294762
294,25.05076253053429,-8851.179651851444,"Location(x=-12.453958, y=106.233139, z=0.322458)","Location(x=-5.483799, y=110.681381, z=0.000000)",17.3529109954834,430,1,25,17.230961621786758
295,35.07877753114968,-8798.277864038375,"Location(x=38.768486, y=178.664230, z=0.040933)","Location(x=38.764404, y=187.570007, z=0.000000)",51.06678223609924,1261,1,11,9.833639010555334
296,19.82733690613513,-8855.15554271799,"Location(x=-10.314389, y=309.811646, z=0.316501)","Location(x=-4.339324, y=303.494507, z=0.000000)",17.73176884651184,446,1,8,5.282547925825749
297,31.605589699388496,-8881.253947538593,"Location(x=37.773518, y=212.768204, z=0.330427)","Location(x=41.852028, y=212.767853, z=0.000000)",20.9390709400177,530,1,7,12.431319133896547
299,30.91863995719207,-8793.838088073806,"Location(x=-11.338629, y=197.841248, z=0.328184)","Location(x=-7.451917, y=197.840363, z=0.000000)",9.09311580657959,236,1,7,10.683862966351876
300,43.59335017865567,-9122.938406133557,"Location(x=122.621284, y=201.937149, z=0.326650)","Location(x=132.147476, y=201.946808, z=0.000000)",15.596867322921753,399,1,10,16.676796108596506
301,38.54751078540305,48.69501094288397,"Location(x=140.004074, y=196.376617, z=0.280627)","Location(x=136.400955, y=195.358734, z=0.000000)",14.72273564338684,371,1,4,14.379371964084664
302,36.7285273075591,97.80671168559975,"Location(x=38.297974, y=232.023117, z=0.300449)","Location(x=41.853695, y=232.022812, z=0.000000)",17.25283932685852,430,1,2,8.645209372436987
303,26.151579774030065,113.29735270028979,"Location(x=186.728531, y=105.462547, z=0.229848)","Location(x=186.268784, y=106.357292, z=0.000000)",11.958837270736694,300,1,12,12.893523666216222
304,33.9221538513013,-30.661422505770773,"Location(x=185.496536, y=139.670761, z=0.325941)","Location(x=189.710632, y=139.674484, z=0.000000)",17.55600333213806,434,1,13,20.337313732854597
305,33.83388386982266,-173.49082080603966,"Location(x=-13.553597, y=149.979446, z=0.303785)","Location(x=-7.432911, y=149.988617, z=0.000000)",9.373270273208618,240,1,11,11.35088320234823
306,38.184948865037576,-138.85675664615422,"Location(x=119.935730, y=227.762589, z=0.455233)","Location(x=119.930168, y=236.916382, z=0.000000)",33.824549198150635,846,1,2,5.8756845028769185
307,29.46664892548365,-14.450945618013257,"Location(x=-10.878078, y=189.813843, z=0.281060)","Location(x=-7.453730, y=189.813065, z=0.000000)",27.045315980911255,692,1,4,6.125290176587258
308,30.603465434347918,-168.2710665586714,"Location(x=45.983501, y=167.628235, z=0.001869)","Location(x=45.974354, y=187.573303, z=0.000000)",34.76454401016235,875,0,2,6.150352533837956
309,40.16121388039055,-447.03881586997784,"Location(x=207.365799, y=171.892456, z=0.301806)","Location(x=193.682175, y=171.880356, z=0.000000)",20.78645610809326,509,1,9,7.606764244829523
310,35.84773330114027,-1059.7235005934087,"Location(x=138.856796, y=215.646011, z=0.270752)","Location(x=136.133606, y=215.643250, z=0.000000)",13.272470712661743,329,1,16,18.831708137254143
311,28.465419339711467,-861.045537645757,"Location(x=-5.858131, y=312.428955, z=0.318526)","Location(x=-1.986488, y=305.163300, z=0.000000)",19.691054344177246,510,1,8,5.236697891755694
312,40.31305603324728,-700.8467338716808,"Location(x=34.980530, y=298.294708, z=0.335626)","Location(x=34.983196, y=302.539307, z=0.000000)",40.748496294021606,1043,1,9,15.017294296426087
313,38.22073496328276,-895.3565851254035,"Location(x=198.439743, y=308.002563, z=0.315213)","Location(x=191.186279, y=301.750793, z=0.000000)",14.741963624954224,370,1,12,16.94868768757938
314,39.44784444189654,-976.6399715115801,"Location(x=37.964989, y=242.739426, z=0.310155)","Location(x=41.854626, y=242.739090, z=0.000000)",13.389207363128662,335,1,8,21.747897824167392
315,29.12183426687579,-1009.1251618499812,"Location(x=-11.018231, y=189.539795, z=0.293841)","Location(x=-7.453792, y=189.538986, z=0.000000)",21.053502798080444,531,1,8,21.19945950168974
316,29.095326042724754,-1053.9913047291034,"Location(x=32.076004, y=300.380005, z=0.294379)","Location(x=32.077477, y=302.541290, z=0.000000)",8.361220359802246,204,1,7,10.293240296888934
317,42.572051916747235,-1832.3789903668492,"Location(x=182.690842, y=144.177048, z=0.255713)","Location(x=189.704514, y=144.183243, z=0.000000)",37.43726086616516,925,1,8,7.759618820943325
318,43.93204727611658,-1940.867805697334,"Location(x=159.953705, y=288.819458, z=0.277147)","Location(x=159.959229, y=302.528656, z=0.000000)",33.26290678977966,832,1,18,10.043313799822423
319,27.073217713941037,-1903.8193077856588,"Location(x=81.443756, y=183.304123, z=0.319755)","Location(x=81.441788, y=187.589569, z=0.000000)",16.04042911529541,397,1,7,5.591855254867826
320,35.43894870309887,-1549.3440075359495,"Location(x=49.091351, y=205.600372, z=0.334971)","Location(x=45.851402, y=205.600662, z=0.000000)",54.28251385688782,1358,1,8,5.337208619641535
321,28.6649235023789,-1589.8378865027494,"Location(x=79.469673, y=232.504715, z=0.329012)","Location(x=79.467018, y=236.891815, z=0.000000)",12.099034547805786,298,1,8,7.99710999132825
322,23.78847076625368,-1032.9774845934583,"Location(x=-11.953352, y=114.880135, z=0.326800)","Location(x=-7.274117, y=115.270645, z=0.000000)",50.99722671508789,1286,1,16,4.431224807338333
323,33.61860457964121,-1104.2619802420525,"Location(x=-12.643809, y=307.428772, z=0.316906)","Location(x=-5.296216, y=302.460571, z=0.000000)",13.863000631332397,346,1,13,12.654440933678899
324,41.76031743006354,-1193.1925269730857,"Location(x=10.006769, y=319.565186, z=0.317740)","Location(x=9.997901, y=306.556335, z=0.000000)",35.92687368392944,829,1,18,11.135394972605384
325,39.47672904604958,-1636.1508562732854,"Location(x=122.590790, y=291.115631, z=0.321573)","Location(x=122.598831, y=302.555084, z=0.000000)",18.462595224380493,459,1,9,8.900515557496734
326,30.353041516891324,-760.7600123557606,"Location(x=47.107601, y=291.622681, z=0.248576)","Location(x=45.858871, y=291.622803, z=0.000000)",55.5026798248291,1382,1,5,1.4323627257743898
327,15.227986846125448,-644.7348748621107,"Location(x=189.403290, y=106.649147, z=0.240657)","Location(x=188.684662, y=107.694191, z=0.000000)",7.876506805419922,197,1,6,8.533723304353671
329,19.86436907788152,33.65890948364659,"Location(x=80.195572, y=232.566727, z=0.321463)","Location(x=80.192940, y=236.892258, z=0.000000)",55.23853802680969,1352,1,7,1.844581089792344
330,36.368939357933655,-98.55271932330113,"Location(x=123.729782, y=181.511658, z=0.258361)","Location(x=123.726997, y=187.608948, z=0.000000)",11.12818169593811,273,1,8,13.315115025920761
331,36.71490478896392,89.41440334704477,"Location(x=37.976219, y=239.391708, z=0.308920)","Location(x=41.854336, y=239.391373, z=0.000000)",33.79914379119873,853,1,4,4.277739145134365
332,26.088573522281727,120.04353991104915,"Location(x=37.903545, y=233.153427, z=0.326704)","Location(x=41.853794, y=233.153076, z=0.000000)",18.446238040924072,467,1,8,9.439684212748697
333,24.544552464518844,276.70542707231215,"Location(x=0.240562, y=234.394913, z=0.313288)","Location(x=-3.443662, y=234.400787, z=0.000000)",23.48409938812256,596,1,9,3.1680330848402467
334,28.06823985172378,146.60826564819232,"Location(x=112.026062, y=182.133240, z=0.280900)","Location(x=112.023544, y=187.603592, z=0.000000)",7.612943649291992,192,1,7,12.666851124904015
335,27.219213476562462,104.58506055009398,"Location(x=49.955276, y=274.458130, z=0.329378)","Location(x=45.857380, y=274.458496, z=0.000000)",10.54819655418396,271,1,6,7.753706998261105
336,33.320457298770684,14.000205202990081,"Location(x=107.399223, y=199.342087, z=0.259108)","Location(x=107.402771, y=191.601471, z=0.000000)",18.810402631759644,463,1,11,14.523584119120624
337,40.93834486750644,-124.44329340531273,"Location(x=-3.648428, y=313.209595, z=0.319151)","Location(x=-0.564047, y=305.809174, z=0.000000)",10.970659494400024,286,1,8,12.480752786745189
338,24.746547476033147,274.087489924202,"Location(x=140.637207, y=221.275879, z=0.329295)","Location(x=136.127899, y=221.271301, z=0.000000)",32.326385259628296,808,1,8,2.9996790547701093
339,28.90651839426915,409.99235735635284,"Location(x=24.940351, y=110.401367, z=0.236458)","Location(x=24.939184, y=109.477303, z=0.000000)",14.563449382781982,372,1,9,4.016121147722649
340,13.669291485843365,543.7040722523291,"Location(x=186.971207, y=105.423805, z=0.235226)","Location(x=186.499435, y=106.455666, z=0.000000)",10.631804704666138,265,1,6,7.2390543555858065
341,24.77360355371513,952.8578550635145,"Location(x=0.186976, y=235.230743, z=0.308760)","Location(x=-3.443473, y=235.236572, z=0.000000)",29.33703351020813,748,1,8,2.6372111930442874
342,24.900689149160698,930.4036889750205,"Location(x=191.375732, y=307.686401, z=0.289833)","Location(x=188.688675, y=303.978058, z=0.000000)",6.786210060119629,172,1,8,9.135038849323722
343,38.19781106048182,746.7389440424615,"Location(x=184.140137, y=140.796066, z=0.344142)","Location(x=189.709106, y=140.800980, z=0.000000)",16.757142066955566,420,1,9,20.483679902919118
344,37.90152224096638,653.903867369752,"Location(x=39.488804, y=178.734833, z=0.077630)","Location(x=39.484753, y=187.570328, z=0.000000)",45.25163245201111,1126,1,24,10.943983618988534
345,28.74219054613492,1657.2872024277394,"Location(x=0.153730, y=250.569916, z=0.306402)","Location(x=-3.439942, y=250.574554, z=0.000000)",68.13937211036682,1714,1,8,1.211847776304354
346,50.68744816655641,788.5652882769544,"Location(x=-27.431671, y=228.455383, z=0.276555)","Location(x=-7.445008, y=228.438293, z=0.000000)",19.060452461242676,473,0,10,11.599833817449802
347,38.75024490136385,613.7087474960094,"Location(x=5.484020, y=150.604279, z=0.327090)","Location(x=-3.434266, y=150.595871, z=0.000000)",20.110440731048584,496,1,17,11.525139720456542
348,22.255151913217958,-2695.694190527554,"Location(x=90.150261, y=129.409775, z=0.001826)","Location(x=90.117447, y=109.417885, z=0.000000)",17.866559505462646,450,0,10,16.425701505010483
349,42.06463524369734,-2360.6145602755114,"Location(x=138.966629, y=176.985870, z=0.224801)","Location(x=138.961761, y=187.615936, z=0.000000)",44.06867074966431,1092,1,4,3.893292644649932
350,40.64616060577873,-2678.737100541605,"Location(x=5.771468, y=317.784210, z=0.316616)","Location(x=5.763816, y=306.559204, z=0.000000)",21.10170555114746,531,1,10,17.847746122384272
351,41.33739145959812,-228.37375889707565,"Location(x=38.260368, y=204.175232, z=0.294846)","Location(x=41.851280, y=204.174927, z=0.000000)",17.26974320411682,430,1,19,14.673334388493316
352,26.016525428523984,-273.34182328482257,"Location(x=79.095001, y=183.315628, z=0.323672)","Location(x=79.093033, y=187.588501, z=0.000000)",10.053134679794312,247,1,7,8.028256133554844
354,37.6973722554375,-197.46825760762636,"Location(x=4.395813, y=314.518585, z=0.318451)","Location(x=4.442174, y=306.560120, z=0.000000)",10.831165313720703,279,1,7,10.247153824654491
355,31.917025668058645,75.1589101243237,"Location(x=123.014893, y=178.731689, z=0.014081)","Location(x=123.010818, y=187.608627, z=0.000000)",37.13002419471741,916,1,8,2.8051833259257295
356,29.49371389404361,392.32068686118504,"Location(x=43.534996, y=109.979431, z=0.221573)","Location(x=43.534199, y=109.410172, z=0.000000)",28.270493268966675,710,1,9,2.003145650860721
357,31.411646318240567,317.5935277846082,"Location(x=38.264751, y=236.967667, z=0.294447)","Location(x=41.854126, y=236.967346, z=0.000000)",20.24479913711548,501,1,6,17.484318612811794
358,26.177373487292954,1011.0897888133292,"Location(x=0.374293, y=235.056671, z=0.326842)","Location(x=-3.443512, y=235.062668, z=0.000000)",42.705188274383545,1046,1,7,1.8779654799670877
359,20.411136337232048,999.373037335179,"Location(x=192.458221, y=307.771423, z=0.319023)","Location(x=189.390656, y=303.458710, z=0.000000)",11.677274227142334,289,1,8,5.527563379021651
360,28.44679070665291,1161.2088557208124,"Location(x=-10.606113, y=191.777023, z=0.273413)","Location(x=-7.453286, y=191.776306, z=0.000000)",30.981646060943604,761,1,2,3.9329868808592177
361,36.21022255632841,936.8580015928959,"Location(x=-13.936135, y=126.819145, z=0.326128)","Location(x=-7.380843, y=126.828987, z=0.000000)",46.756556272506714,1160,1,34,21.31315164314115
362,27.279624376207614,727.5851979226205,"Location(x=54.114964, y=233.098572, z=0.338960)","Location(x=54.106964, y=236.876419, z=0.000000)",9.706841945648193,241,1,6,11.022631096500838
363,32.95192274939873,980.6693141360946,"Location(x=53.488430, y=221.812012, z=0.266262)","Location(x=45.852810, y=221.812668, z=0.000000)",33.9712176322937,844,1,8,2.8701116227099703
364,38.32696269726218,908.7686474189189,"Location(x=76.913887, y=244.673721, z=0.320475)","Location(x=76.916183, y=240.890259, z=0.000000)",32.30512022972107,786,1,13,13.674249931862912
365,25.67323222304449,940.5479043948411,"Location(x=28.231594, y=298.870667, z=0.321416)","Location(x=28.234098, y=302.543915, z=0.000000)",11.770307779312134,286,1,7,6.26385289663881
366,31.306798186176408,891.5370328958198,"Location(x=169.108154, y=181.327866, z=0.219620)","Location(x=169.105270, y=187.629745, z=0.000000)",12.224720478057861,303,1,8,7.959418105453164
367,26.537720138830768,1726.6954497826314,"Location(x=197.531616, y=289.270966, z=0.329084)","Location(x=193.673630, y=289.268494, z=0.000000)",96.63524627685547,2389,1,28,10.243215043268322
368,28.170360758179882,1941.5480521428053,"Location(x=0.292737, y=229.138474, z=0.309365)","Location(x=-3.444849, y=229.144394, z=0.000000)",28.116721153259277,707,1,7,3.395983263388034
369,27.60099329546704,1619.4500941076747,"Location(x=50.583096, y=251.167862, z=0.326099)","Location(x=45.855358, y=251.168289, z=0.000000)",13.851067304611206,342,1,8,7.986502284610133
370,26.57178297175767,2621.5362601293705,"Location(x=85.952133, y=233.135635, z=0.321063)","Location(x=85.949852, y=236.895752, z=0.000000)",75.79914689064026,1848,1,7,1.0639716048905692
371,52.40232643025124,1653.0680710242211,"Location(x=213.390854, y=201.833298, z=0.301647)","Location(x=193.688950, y=201.837753, z=0.000000)",15.31324291229248,375,0,8,14.02526924777216
372,27.465892814222926,1628.966859321949,"Location(x=30.022264, y=298.755188, z=0.326096)","Location(x=30.024843, y=302.542694, z=0.000000)",10.44605803489685,253,1,7,7.7476137512348435
373,39.00302828084321,2020.7499811073408,"Location(x=207.288635, y=172.461380, z=0.301732)","Location(x=193.682297, y=172.449356, z=0.000000)",63.133524656295776,1532,1,17,3.226697119410841
374,41.64108607611029,1535.845498723929,"Location(x=-17.711435, y=94.767296, z=-0.009554)","Location(x=-3.939907, y=108.954559, z=0.000000)",20.59281349182129,508,0,8,6.519088131023379
375,24.851303090236105,1610.5456906398067,"Location(x=92.684669, y=311.975861, z=0.324178)","Location(x=92.684990, y=306.544922, z=0.000000)",19.30114984512329,473,1,8,4.861551214925535
376,37.59990115721687,1950.7379428750735,"Location(x=52.490623, y=117.849678, z=0.002036)","Location(x=52.471745, y=109.392281, z=0.000000)",74.64959859848022,1798,1,11,2.377118029916582
377,22.404106042769495,1900.2225708960982,"Location(x=85.199829, y=233.157440, z=0.307768)","Location(x=85.197563, y=236.895294, z=0.000000)",8.03412652015686,190,1,7,9.734643709260139
379,47.720316839424946,2528.7140779495912,"Location(x=38.223312, y=245.004974, z=0.293838)","Location(x=41.854824, y=245.004654, z=0.000000)",29.443883180618286,772,1,11,9.501841738088318
380,29.465256140433226,2509.080878357665,"Location(x=79.173874, y=183.279099, z=0.312999)","Location(x=79.171890, y=187.588531, z=0.000000)",10.018186092376709,253,1,7,7.946347043493813
381,39.19702932697878,2525.977607567496,"Location(x=10.247964, y=192.768280, z=0.245602)","Location(x=10.248519, y=191.556946, z=0.000000)",29.545621156692505,712,1,7,14.509875280448032
382,30.29235137887271,2769.573789147769,"Location(x=53.612816, y=221.964813, z=0.260379)","Location(x=45.852825, y=221.965485, z=0.000000)",37.839980602264404,907,1,8,2.6831222687239675
383,38.18501504744558,2771.2694649549085,"Location(x=143.538315, y=245.779785, z=0.331963)","Location(x=143.541260, y=240.930725, z=0.000000)",19.916747331619263,471,1,10,8.513853680509408
384,62.05706693971994,3163.4048380744157,"Location(x=170.016449, y=144.727844, z=0.144652)","Location(x=189.703751, y=144.745239, z=0.000000)",76.06518316268921,1783,1,14,7.879055151388268
385,48.719456789737634,3736.245348071796,"Location(x=-13.449703, y=150.599823, z=0.308783)","Location(x=-7.434305, y=150.608841, z=0.000000)",78.90593910217285,1897,1,23,3.565222163143492
386,37.659830231895256,3312.872260407126,"Location(x=138.940536, y=215.088303, z=0.285088)","Location(x=136.134171, y=215.085464, z=0.000000)",25.199494123458862,586,1,16,8.131096787496595
387,53.91089550389331,2789.619837163741,"Location(x=-27.150364, y=235.798630, z=0.276659)","Location(x=-7.443350, y=235.781784, z=0.000000)",49.71634006500244,1211,0,8,3.896067886774627
388,49.12869386230421,2916.224832098332,"Location(x=180.849686, y=243.702789, z=0.279591)","Location(x=180.851349, y=240.953384, z=0.000000)",20.118929147720337,491,1,3,8.699769319751114
389,29.87828891807335,3998.673230083092,"Location(x=51.127930, y=288.987732, z=0.350083)","Location(x=45.858643, y=288.988190, z=0.000000)",77.14810299873352,1849,1,8,1.0516697330862217
390,33.610352546952164,4254.89714385223,"Location(x=107.760155, y=295.321899, z=0.322481)","Location(x=107.766518, y=302.550049, z=0.000000)",52.95199203491211,1251,1,10,1.9765069408673228
391,32.808645471356805,5243.593679469895,"Location(x=87.165909, y=296.605804, z=0.324843)","Location(x=87.171761, y=302.543060, z=0.000000)",74.12784385681152,1724,1,7,1.2201007986037191
392,30.296575317050994,6540.797577620715,"Location(x=140.048492, y=225.158905, z=0.315595)","Location(x=136.123962, y=225.154922, z=0.000000)",76.49322152137756,1756,1,6,1.0555645248586811
393,23.880419176521194,7819.458747693259,"Location(x=71.501175, y=232.798874, z=0.312955)","Location(x=71.498695, y=236.886978, z=0.000000)",88.65428018569946,2034,1,7,0.8198486866398507
394,28.760572759178633,7894.894914955776,"Location(x=104.172066, y=244.254089, z=0.297379)","Location(x=104.174095, y=240.906815, z=0.000000)",31.683881998062134,736,1,6,2.4464118134216184
395,28.485201121775155,8392.882001950926,"Location(x=53.562542, y=227.869171, z=0.271583)","Location(x=45.853336, y=227.869843, z=0.000000)",56.98461890220642,1316,1,8,1.6672286579096323
396,23.58506788631924,9321.558911515785,"Location(x=162.412201, y=233.170593, z=0.311253)","Location(x=162.409912, y=236.942184, z=0.000000)",69.05610203742981,1607,1,7,0.9738479035655188
397,27.871149456090652,10623.353662370328,"Location(x=0.084509, y=221.676941, z=0.297944)","Location(x=-3.446533, y=221.682693, z=0.000000)",74.79506516456604,1767,1,9,0.9619145800655233
399,33.93660944234177,10913.429035330493,"Location(x=10.586142, y=319.241211, z=0.317840)","Location(x=10.577495, y=306.555939, z=0.000000)",44.90455603599548,1071,1,8,2.5130593983960927
400,40.01346118183391,12159.391777599185,"Location(x=83.137207, y=96.873505, z=0.001845)","Location(x=83.139221, y=105.413139, z=0.000000)",125.44610977172852,2914,1,10,1.4779208729356683
401,26.746057006668696,1908.7974865571048,"Location(x=-12.713576, y=157.173141, z=0.314829)","Location(x=-7.449081, y=157.181030, z=0.000000)",136.1871783733368,3207,1,9,0.6322299497154645
402,25.17703679025008,2958.3313931293565,"Location(x=123.580673, y=310.282074, z=0.315930)","Location(x=123.580894, y=306.555420, z=0.000000)",58.90971374511719,1382,1,10,1.1783201088119126
404,26.74575934413152,3410.4535368372094,"Location(x=37.905552, y=277.478027, z=0.320600)","Location(x=41.857643, y=277.477692, z=0.000000)",87.21846914291382,2027,1,7,0.8726136052468764
405,24.500194949393098,3955.28327943814,"Location(x=188.876297, y=285.599426, z=0.237718)","Location(x=189.676147, y=285.598083, z=0.000000)",57.67423629760742,1321,1,5,0.8255724229165347
406,25.338918937006795,4491.557472613915,"Location(x=-12.820217, y=157.972519, z=0.314577)","Location(x=-7.450879, y=157.980560, z=0.000000)",55.51813220977783,1296,1,10,1.484677168778738
407,23.000020302062293,4783.927325318427,"Location(x=24.507860, y=298.943024, z=0.312242)","Location(x=24.510313, y=302.546448, z=0.000000)",24.421424865722656,557,1,7,2.579429287563349
408,43.05135894203932,5602.923544912346,"Location(x=122.414291, y=117.889557, z=0.001840)","Location(x=122.413330, y=109.439857, z=0.000000)",92.90678477287292,2157,1,9,1.7557945141719495
409,25.620699065727347,7030.018634859124,"Location(x=187.520447, y=256.661682, z=0.276854)","Location(x=189.695938, y=256.661224, z=0.000000)",94.39514446258545,2128,1,6,0.634294551699102
410,31.568583782088556,8150.529511999847,"Location(x=5.265998, y=151.310013, z=0.326885)","Location(x=-3.435854, y=151.301926, z=0.000000)",118.06450843811035,2733,1,30,2.696135318616931
411,23.084756569690516,10245.712535515097,"Location(x=160.984833, y=233.293015, z=0.298000)","Location(x=160.982620, y=236.941315, z=0.000000)",144.9724953174591,3293,1,7,0.4347504624741833
412,19.852008174345542,10318.112898268388,"Location(x=98.451851, y=230.782639, z=0.285403)","Location(x=98.448135, y=236.903336, z=0.000000)",37.22259283065796,830,1,8,1.9639207004248003
413,69.81680948249515,10516.887747753783,"Location(x=176.274704, y=144.563217, z=0.221813)","Location(x=189.703979, y=144.575089, z=0.000000)",69.50471258163452,1569,1,8,3.761580469777029
414,3.330233384048683e-06,13500.893964603705,"Location(x=135.879990, y=215.269958, z=0.221732)","Location(x=136.133987, y=215.270218, z=0.000000)",180.4096953868866,4000,0,0,0.0051814420747801695
415,2.231600947940126e-06,17013.03328402764,"Location(x=-7.530000, y=270.729980, z=0.221731)","Location(x=-7.408063, y=270.732574, z=0.000000)",170.98183751106262,4000,0,0,0.005208565900344192
416,2.527028918336691,19374.364425055566,"Location(x=-4.822751, y=140.312988, z=0.221693)","Location(x=-3.411164, y=140.320099, z=0.000000)",173.3236038684845,4000,0,2,0.07768104768260416
417,2.0942757322204633e-06,22536.900533179753,"Location(x=18.250019, y=191.769974, z=0.221732)","Location(x=18.250114, y=191.560608, z=0.000000)",177.23547530174255,4000,0,0,0.005111575034461234
418,3.330230703148083e-06,25338.05016255055,"Location(x=-3.679999, y=288.219971, z=0.221731)","Location(x=-3.380288, y=288.219727, z=0.000000)",174.79590392112732,4000,0,0,0.005297523422090988
420,2.2325444443297254e-06,28772.86413685933,"Location(x=166.914520, y=191.770035, z=0.221732)","Location(x=166.914581, y=191.628738, z=0.000000)",177.1096634864807,4000,0,0,0.003834970157880505
421,2.0965042507553045e-06,32588.353925530006,"Location(x=131.690018, y=109.400040, z=0.221732)","Location(x=131.690018, y=109.446167, z=0.000000)",177.82511615753174,4000,0,0,0.005362024357682099
422,21.220413096960204,32379.50071386059,"Location(x=152.777069, y=245.643600, z=0.320527)","Location(x=152.779922, y=240.936340, z=0.000000)",12.187572479248047,270,1,7,6.076529423158654
423,3.124249718571638e-06,34509.78023613335,"Location(x=41.389999, y=275.029999, z=0.221732)","Location(x=41.857430, y=275.029968, z=0.000000)",173.31950283050537,4000,0,0,0.005336792983976163
425,1.5197000914522741e-06,40854.72187334907,"Location(x=21.420019, y=109.399986, z=0.221732)","Location(x=21.420080, y=109.490005, z=0.000000)",179.5868809223175,4000,0,0,0.005013016530161787
426,2.6779185584961394e-06,43655.87150271987,"Location(x=-3.679999, y=288.219971, z=0.221731)","Location(x=-3.380288, y=288.219727, z=0.000000)",164.18439364433289,4000,0,0,0.0053409966478609435
427,3.639953538697093e-06,47614.16687174589,"Location(x=55.410023, y=109.399986, z=0.221732)","Location(x=55.401302, y=109.394272, z=0.000000)",172.29452204704285,4000,0,0,0.005299395911832318
428,11.880967326571339,47210.11891925088,"Location(x=125.840485, y=293.416809, z=0.321764)","Location(x=125.847610, y=302.556183, z=0.000000)",7.440675973892212,177,1,8,12.780833872952318
429,6.408815182281596,44632.32942107305,"Location(x=108.472282, y=246.654083, z=0.265233)","Location(x=108.475769, y=240.909424, z=0.000000)",41.0078547000885,955,1,8,1.6578575518727119
430,1.999881157903448e-06,46156.94181963151,"Location(x=45.239998, y=291.289978, z=0.221731)","Location(x=45.858845, y=291.289917, z=0.000000)",174.8108627796173,4000,0,0,0.005227613824353855
