episode,reward,vehicle_location,waypoint,duration,timesteps,collisions,lane_invasions,avg_speed,waypoint_similarity,total_distance,max_speed,hard_brakes
0,-20.08866000444833,"Location(x=-113.079041, y=-60.722858, z=0.001786)","Location(x=-112.244904, y=-60.770798, z=0.000000)",3.1396071910858154,92,1,1,9.65609828264053,0.12741118908866642,8.181319109717151,19.276417130784573,0
1,-20.83525499173088,"Location(x=-113.179909, y=-61.231853, z=0.001666)","Location(x=-112.298363, y=-61.299583, z=0.000000)",3.0239248275756836,90,1,1,9.359039682631428,0.1366377767488395,7.750490378704853,17.309468717696163,0
2,-13.495386033001134,"Location(x=-109.082939, y=-34.465405, z=0.001851)","Location(x=-110.144569, y=-34.504974, z=0.000000)",6.295239686965942,189,1,2,13.561088166662593,0.042910294598461775,23.659428975719493,25.163883016891702,0
3,-14.217118635380745,"Location(x=-111.217178, y=-34.325455, z=0.001685)","Location(x=-110.145683, y=-34.352547, z=0.000000)",17.325289726257324,195,1,2,13.20270095362751,0.042913265946399964,23.75152505270671,24.12506244297239,0
4,-34.685706995592106,"Location(x=-111.422920, y=-15.725822, z=0.001757)","Location(x=-110.283241, y=-15.752643, z=0.000000)",16.822158336639404,205,1,6,22.396449615701957,0.023845685792166244,42.38422269746661,30.540788234609288,0
5,-20.27528188669477,"Location(x=-113.171074, y=-61.417858, z=0.001821)","Location(x=-112.316338, y=-61.488235, z=0.000000)",7.024698972702026,85,1,1,9.668926828965208,0.1395074477705919,7.564433289517183,19.03189447937173,0
6,-21.872349008236636,"Location(x=-113.222237, y=-61.383476, z=0.001857)","Location(x=-112.313530, y=-61.458447, z=0.000000)",7.729201316833496,93,1,1,8.89151033736514,0.13924721165362605,7.60493298622896,18.46017169039624,0
7,-18.926509759189656,"Location(x=-109.563660, y=-46.891872, z=0.001829)","Location(x=-110.514832, y=-46.856472, z=0.000000)",9.73924994468689,118,1,1,10.403712956480057,0.09168714464919948,11.318551051313989,19.68408310172143,0
8,-21.192293156459442,"Location(x=-113.200844, y=-61.767597, z=0.001776)","Location(x=-112.348976, y=-61.847824, z=0.000000)",7.141054630279541,85,1,1,9.219714918465819,0.14632029289460224,7.211625473661115,19.441740943381305,0
9,-11.362526874985509,"Location(x=-109.133705, y=-33.328167, z=0.001866)","Location(x=-110.152954, y=-33.367764, z=0.000000)",15.933409452438354,185,1,2,14.52352192255075,0.041013302797074186,24.819512429414317,20.10660658745952,0
10,-9.72001287324916,"Location(x=-109.144402, y=-36.478069, z=0.001677)","Location(x=-110.133904, y=-36.508442, z=0.000000)",13.51439118385315,163,1,1,14.406413256702617,0.046939718492217335,21.65990452611004,27.383549319454104,0
11,-19.93116987004453,"Location(x=-112.890427, y=-57.451073, z=0.001718)","Location(x=-111.821800, y=-57.541512, z=0.000000)",9.171801567077637,112,1,2,11.177714743597294,0.08976925499909327,11.519337005913258,23.540365448890068,0
12,-21.641590772843934,"Location(x=-113.225342, y=-61.979816, z=0.001691)","Location(x=-112.367798, y=-62.065834, z=0.000000)",7.071277618408203,85,1,1,8.965161579529031,0.1515442216392338,7.004206665791571,17.36349673516546,0
13,-15.45246506319611,"Location(x=-112.909988, y=-58.745850, z=0.001697)","Location(x=-112.010178, y=-58.835274, z=0.000000)",7.465761423110962,91,1,1,12.181463246354511,0.101565230524389,10.19921888411045,22.03211074297803,0
14,-20.616952992787972,"Location(x=-109.895737, y=-50.481308, z=0.001879)","Location(x=-110.850693, y=-50.393135, z=0.000000)",7.177555084228516,87,1,1,9.684699808390565,0.13647843899379836,7.746388613799354,18.233535327594513,0
15,-17.362056460476776,"Location(x=-111.312759, y=-39.869602, z=0.001796)","Location(x=-110.163109, y=-39.942158, z=0.000000)",13.042787313461304,158,1,2,12.482526551677172,0.05636478371021668,18.191337432876026,22.69205656690013,0
16,-8.121069912394299,"Location(x=-109.261353, y=-31.550568, z=0.001855)","Location(x=-110.166107, y=-31.589487, z=0.000000)",17.97281265258789,194,1,1,14.845058506344033,0.03823740275166747,26.582318002532702,26.344780860988493,0
17,-9.906334440270248,"Location(x=-109.299950, y=-39.928799, z=0.001791)","Location(x=-110.163162, y=-39.944534, z=0.000000)",14.370749235153198,140,1,1,14.134593887356619,0.05606646799721699,18.246380359691102,24.354260136980727,0
18,-19.040220430400016,"Location(x=-113.193893, y=-61.580452, z=0.001652)","Location(x=-112.331863, y=-61.656326, z=0.000000)",7.981290817260742,78,1,1,10.291401760533795,0.14339235054647168,7.383646250877064,17.974718360045937,0
19,-8.723517443669847,"Location(x=-111.890320, y=-49.195057, z=0.001877)","Location(x=-110.737755, y=-49.321938, z=0.000000)",15.348174571990967,149,1,0,14.373205471397792,0.051582645888950604,19.77127816330176,22.69717631300017,0
20,-18.010376128029815,"Location(x=-109.528473, y=-46.297909, z=0.001848)","Location(x=-110.467560, y=-46.245705, z=0.000000)",12.190216064453125,119,1,1,10.832403106575041,0.08690643277961191,11.901362935645011,20.599349600455174,0
21,-9.0073031769488,"Location(x=-109.225494, y=-33.319054, z=0.001842)","Location(x=-110.153030, y=-33.358105, z=0.000000)",17.224963665008545,174,1,1,15.433922408013853,0.040976990967524295,24.79217272537062,23.33355524528641,0
22,-11.541398032051617,"Location(x=-112.684967, y=-56.997696, z=0.001641)","Location(x=-111.759140, y=-57.123817, z=0.000000)",9.336658716201782,95,1,1,13.6391814409275,0.08654483389102614,11.916923500597477,26.082784490051466,0
23,-21.923760315746087,"Location(x=-113.281075, y=-62.114521, z=0.001647)","Location(x=-112.372673, y=-62.123436, z=0.000000)",8.322198867797852,84,1,1,8.897957272747883,0.1547728719544357,6.876050965860486,15.469688693812255,0
24,-20.63249079799351,"Location(x=-113.001381, y=-59.711437, z=0.001704)","Location(x=-112.137787, y=-59.824120, z=0.000000)",10.522217750549316,107,1,1,9.387789150513433,0.11316526527133458,9.241942522436148,20.759702835258768,0
25,-20.712240309694543,"Location(x=-113.173630, y=-61.966431, z=0.001676)","Location(x=-112.366196, y=-62.047001, z=0.000000)",6.820533752441406,82,1,1,9.330292294922751,0.15161550154852413,7.031494403840043,17.106614399182554,0
26,-21.844735395390586,"Location(x=-113.145378, y=-61.377270, z=0.001706)","Location(x=-112.312195, y=-61.444229, z=0.000000)",7.7876482009887695,94,1,1,8.779774273205273,0.13919571327368627,7.599433167866664,16.53746032811062,0
27,-11.583551647472877,"Location(x=-109.065475, y=-37.148899, z=0.001861)","Location(x=-110.133453, y=-37.174057, z=0.000000)",12.856429100036621,155,1,2,14.699896253984624,0.04839563137271465,21.011697575071594,28.449141489708587,0
28,-22.61328178076863,"Location(x=-109.261192, y=-29.029367, z=0.001852)","Location(x=-110.184753, y=-29.068401, z=0.000000)",17.727346420288086,178,1,5,17.730475924040643,0.034834084616735386,29.106795507483184,30.302227458676487,0
29,-18.81069457100456,"Location(x=-112.666275, y=-55.986526, z=0.001810)","Location(x=-111.611061, y=-56.132759, z=0.000000)",10.15920901298523,120,1,2,11.72225808731497,0.07946168486272306,12.96474627617863,21.1449383101567,0
30,-17.820046843593474,"Location(x=-109.671928, y=-48.213467, z=0.001721)","Location(x=-110.626137, y=-48.158493, z=0.000000)",8.514825582504272,98,1,1,11.070347945538721,0.10431678995908589,9.994798672618344,18.05907615111403,0
31,-24.02857150548152,"Location(x=-113.297241, y=-63.897923, z=0.001588)","Location(x=-112.511246, y=-63.943436, z=0.000000)",7.222519397735596,73,1,1,7.659380887999379,0.21159129330557144,5.130483816115884,17.326254702579234,0
32,-13.982287433834333,"Location(x=-109.093613, y=-30.485310, z=0.001809)","Location(x=-110.173981, y=-30.525270, z=0.000000)",17.82380509376526,181,1,2,16.54920035943378,0.03664077275642507,27.631692675640807,26.398547855996753,0
33,-22.951311490791564,"Location(x=-113.249107, y=-62.806702, z=0.001620)","Location(x=-112.429161, y=-62.816158, z=0.000000)",8.026546716690063,82,1,1,8.197742168554878,0.1734885795909687,6.181337362126214,16.12654481896915,0
34,-23.06723217031331,"Location(x=-113.199020, y=-61.587639, z=0.001690)","Location(x=-112.332573, y=-61.664185, z=0.000000)",9.6212899684906,98,1,1,8.186265676805126,0.14386234133318868,7.395717884297483,14.785908190178226,0
35,-21.675113163481377,"Location(x=-113.169930, y=-61.841557, z=0.001759)","Location(x=-112.355278, y=-61.919899, z=0.000000)",8.66561508178711,88,1,1,8.812115935609969,0.14876110807768617,7.128306885228085,20.186020643750908,0
36,-13.795984079080155,"Location(x=-109.563141, y=-46.278763, z=0.001775)","Location(x=-110.466309, y=-46.229004, z=0.000000)",9.816047668457031,100,1,1,12.972532700202457,0.08657711098417792,11.924233405326959,25.694645396788964,0
37,-13.193576287464856,"Location(x=-111.310310, y=-39.433491, z=0.001788)","Location(x=-110.154495, y=-39.512535, z=0.000000)",14.092953443527222,142,1,2,14.169970714792546,0.0550266434719818,18.55851445166627,23.003381465269243,0
38,-21.621800332987924,"Location(x=-113.184334, y=-62.050301, z=0.001872)","Location(x=-112.369293, y=-62.083427, z=0.000000)",8.382549047470093,85,1,1,8.864119698391335,0.15327382801226958,6.923290028149495,18.380420644429503,0
39,-21.015385845754523,"Location(x=-111.455719, y=-22.255663, z=0.001798)","Location(x=-110.234947, y=-22.281998, z=0.000000)",19.151424646377563,201,1,2,19.323550309847857,0.028194480725566722,35.80037733493373,35.650315899077626,0
40,-12.422238640413635,"Location(x=-112.139755, y=-51.981258, z=0.001819)","Location(x=-111.059807, y=-52.171497, z=0.000000)",11.006102085113525,127,1,2,14.505521475511706,0.060258988387429414,16.977723974734545,21.69027476635642,0
41,-9.233309120690706,"Location(x=-109.367996, y=-36.078579, z=0.001838)","Location(x=-110.135109, y=-36.110363, z=0.000000)",14.577293395996094,169,1,1,14.139191449894472,0.04623355240999821,22.06035253999289,22.857588952690747,0
42,-18.749693130876285,"Location(x=-109.434044, y=-44.821926, z=0.001782)","Location(x=-110.367676, y=-44.791500, z=0.000000)",11.852314472198486,140,1,1,10.34012434992809,0.07718191074360663,13.367336560739204,19.498629461746813,0
43,-20.66979958725379,"Location(x=-112.988678, y=-59.286716, z=0.001767)","Location(x=-112.084091, y=-59.392738, z=0.000000)",9.248133420944214,111,1,1,9.465511692654015,0.10782166003939242,9.676235591759905,18.43194275190472,0
44,-15.403255036829425,"Location(x=-112.662964, y=-56.830975, z=0.001669)","Location(x=-111.734238, y=-56.957695, z=0.000000)",9.266954898834229,108,1,1,12.18442615891945,0.08519535507001157,12.115084766730433,24.93708766055725,0
45,-21.148892195166052,"Location(x=-113.099731, y=-59.929348, z=0.001824)","Location(x=-112.163170, y=-60.037186, z=0.000000)",9.255439043045044,105,1,1,9.314504823916483,0.11591481827557581,9.030220812011976,18.392449576060272,0
46,-16.631205281771624,"Location(x=-109.513260, y=-46.330463, z=0.001695)","Location(x=-110.469879, y=-46.276726, z=0.000000)",9.858304023742676,111,1,1,11.603276241837111,0.08723264493692061,11.871494450373575,17.96331287585112,0
47,-14.660416958706344,"Location(x=-109.358376, y=-41.831707, z=0.001783)","Location(x=-110.218903, y=-41.819996, z=0.000000)",13.358810186386108,145,1,1,12.224694166525481,0.06276980887160717,16.348066340055084,21.41393306359238,0
48,-12.216516203267085,"Location(x=-109.255211, y=-39.596973, z=0.001757)","Location(x=-110.156433, y=-39.616455, z=0.000000)",15.117696523666382,154,1,1,13.076412902280998,0.054878168949719384,18.548879123991355,26.257309183593808,0
49,-19.565360744669654,"Location(x=-113.068275, y=-60.070511, z=0.001693)","Location(x=-112.171211, y=-60.105934, z=0.000000)",9.413147449493408,96,1,1,10.032762255350383,0.11784800903283245,8.874529975582846,16.924495771342478,0
50,-20.389707660480763,"Location(x=-113.167465, y=-61.190910, z=0.001671)","Location(x=-112.294182, y=-61.256588, z=0.000000)",8.786494016647339,88,1,1,9.603746767939935,0.13564579743060975,7.776723990216851,17.386260141760033,0
51,-21.06852742120649,"Location(x=-113.151993, y=-61.575165, z=0.001659)","Location(x=-112.330978, y=-61.646633, z=0.000000)",8.675461053848267,88,1,1,9.1344934160355,0.14371161533567484,7.394257727311924,16.86529482424459,0
52,-14.92467182815372,"Location(x=-109.411453, y=-43.477928, z=0.001790)","Location(x=-110.292366, y=-43.470181, z=0.000000)",12.843195915222168,130,1,1,12.276249514339986,0.0697417730533877,14.706096919166157,23.042389235015698,0
53,-17.43858146539412,"Location(x=-113.114120, y=-60.107586, z=0.001835)","Location(x=-112.176117, y=-60.148335, z=0.000000)",8.430107355117798,86,1,1,11.163434654230668,0.11874991441017838,8.841349680442363,18.47302007822376,0
54,-26.199509668584817,"Location(x=-113.264473, y=-64.261330, z=0.001516)","Location(x=-112.525749, y=-64.218124, z=0.000000)",6.807235240936279,82,1,1,6.331372824281494,0.2322849307552041,4.762513456662418,15.345696142526469,0
55,-20.996055323493767,"Location(x=-113.219383, y=-61.617111, z=0.001746)","Location(x=-112.335480, y=-61.696323, z=0.000000)",7.085456132888794,86,1,1,9.311774754484095,0.14413168062386,7.371666313658352,17.875413033110792,0
56,-20.80194491550348,"Location(x=-113.124947, y=-60.940769, z=0.001705)","Location(x=-112.268372, y=-60.997406, z=0.000000)",7.719271183013916,94,1,1,9.281484531605116,0.13210956293457585,8.039351742248982,15.894877553778025,0
57,-15.299613901272176,"Location(x=-109.660446, y=-46.989597, z=0.001803)","Location(x=-110.523239, y=-46.960991, z=0.000000)",8.23642110824585,100,1,1,12.171944633984085,0.09233153428433968,11.208044419734506,23.202489212709633,0
58,-15.721573709961264,"Location(x=-109.392853, y=-43.708984, z=0.001759)","Location(x=-110.304192, y=-43.696041, z=0.000000)",10.84578251838684,132,1,1,11.91780703867205,0.07086814563821849,14.492412006948143,23.177050857084875,0
59,-17.998261491393055,"Location(x=-113.176025, y=-60.724411, z=0.001749)","Location(x=-112.246117, y=-60.782326, z=0.000000)",6.7511186599731445,82,1,1,10.946095339469062,0.1272015733543913,8.254425936262123,19.918011905797005,0
60,-19.73844085292964,"Location(x=-113.170815, y=-60.792709, z=0.001601)","Location(x=-112.253334, y=-60.851334, z=0.000000)",7.303978204727173,89,1,1,9.995935010365455,0.12887827352005324,8.188489369640592,17.66065312890756,0
61,-19.4828113042106,"Location(x=-109.672852, y=-48.334064, z=0.001805)","Location(x=-110.636932, y=-48.276409, z=0.000000)",8.663626432418823,105,1,1,10.223472040723593,0.10547550664823957,9.884157392283669,18.863090434151875,0
62,-19.845443052571277,"Location(x=-113.137520, y=-61.277431, z=0.001718)","Location(x=-112.302429, y=-61.341679, z=0.000000)",7.048362970352173,85,1,1,9.844897664797918,0.1371246019655502,7.7005770692485385,16.85794013279497,0
63,-19.49779993301913,"Location(x=-109.305984, y=-19.739559, z=0.001854)","Location(x=-110.253464, y=-19.778744, z=0.000000)",20.693100929260254,245,1,5,16.954547397499113,0.02634787500931596,38.39329817041289,25.136916928702654,0
64,-9.78495686574896,"Location(x=-109.181534, y=-40.068943, z=0.001769)","Location(x=-110.166176, y=-40.079277, z=0.000000)",11.614514827728271,135,1,2,14.538958536354077,0.05631781231303913,18.097757399606053,24.583891434755046,0
65,-19.124783127712853,"Location(x=-109.146049, y=-11.176758, z=0.001898)","Location(x=-110.316788, y=-11.217273, z=0.000000)",23.585448503494263,269,1,2,18.87844623376067,0.02148172248835874,46.89061705907807,30.504545204420033,0
66,-19.482414324965685,"Location(x=-111.156776, y=-22.002741, z=0.001773)","Location(x=-110.236809, y=-22.030855, z=0.000000)",21.846111536026,226,1,4,17.353405629945808,0.028058472203883737,36.222801066352986,26.07379077918735,0
67,-22.42736604433035,"Location(x=-113.199776, y=-60.964844, z=0.001842)","Location(x=-112.271645, y=-61.029606, z=0.000000)",8.402185440063477,101,1,1,8.62168045170402,0.13176062138248856,8.01931648972095,18.302172627402463,0
68,-21.958645402934707,"Location(x=-112.817696, y=-56.381104, z=0.001683)","Location(x=-111.671478, y=-56.538319, z=0.000000)",10.997763872146606,133,1,2,10.29181419432314,0.08184744959851825,12.605298396898434,23.78379674180366,0
69,-19.811718164953003,"Location(x=-113.229546, y=-61.134556, z=0.001822)","Location(x=-112.289192, y=-61.205540, z=0.000000)",7.021268129348755,85,1,1,10.048928058704021,0.1341900131706029,7.855184902407927,18.49083403276782,0
70,-20.988638483103635,"Location(x=-113.214630, y=-61.879013, z=0.001861)","Location(x=-112.358963, y=-61.962524, z=0.000000)",6.876857757568359,83,1,1,9.319486489177946,0.14906527743807202,7.113402008835692,18.780598732545716,0
71,-13.592350380743559,"Location(x=-109.231010, y=-42.406536, z=0.001753)","Location(x=-110.241364, y=-42.382313, z=0.000000)",10.32025933265686,125,1,2,13.685353819242641,0.06489598746262099,15.77056423900649,23.320810943966627,0
72,-33.263917550601676,"Location(x=-109.129356, y=-16.061115, z=0.001780)","Location(x=-110.280663, y=-16.101511, z=0.000000)",18.88476800918579,230,1,8,19.753064400464634,0.023977407917826668,42.07002119490062,31.645329708411992,0
73,-23.551716795152196,"Location(x=-113.279968, y=-62.915073, z=0.001657)","Location(x=-112.437996, y=-62.926403, z=0.000000)",6.938622951507568,84,1,1,7.888467756402433,0.17782084290165537,6.0977155435830355,13.507343568014207,0
74,-19.314454197456595,"Location(x=-109.646454, y=-48.071194, z=0.001832)","Location(x=-110.613358, y=-48.017105, z=0.000000)",8.862663269042969,107,1,1,10.283476361442617,0.10281445018362942,10.141503293358255,18.27182259465645,0
75,-16.632557732657265,"Location(x=-112.416824, y=-54.141098, z=0.001827)","Location(x=-111.344879, y=-54.302376, z=0.000000)",10.479065418243408,125,1,2,12.840734629285487,0.06940267436273607,14.80923966015689,18.92757525172878,0
76,-20.71554611189507,"Location(x=-113.252792, y=-61.879131, z=0.001682)","Location(x=-112.359306, y=-61.966545, z=0.000000)",7.012909173965454,81,1,1,9.577397114127091,0.14818801071365045,7.1209002814866835,21.881355676655915,0
77,-20.492934266188257,"Location(x=-112.843132, y=-57.970024, z=0.001843)","Location(x=-111.897331, y=-58.047127, z=0.000000)",10.945397853851318,125,1,1,9.533192130000364,0.09459448568145162,10.981897621037206,18.979137985411473,0
78,-21.95411364537623,"Location(x=-113.212418, y=-62.064857, z=0.001774)","Location(x=-112.369293, y=-62.083427, z=0.000000)",7.708242893218994,86,1,1,8.75941179350221,0.15314437197041247,6.927942764086765,18.425242689794967,0
79,-21.439965095608954,"Location(x=-111.194023, y=-22.910656, z=0.001773)","Location(x=-110.230095, y=-22.938511, z=0.000000)",17.836610555648804,182,1,1,20.989466707216025,0.02876257026199882,35.251656559761614,30.73226424960887,0
80,-23.874759292303793,"Location(x=-109.130653, y=-25.366432, z=0.001813)","Location(x=-110.211838, y=-25.406403, z=0.000000)",18.169070720672607,187,1,4,18.980498434680126,0.030823853767264715,32.75424229429336,32.98332361976939,0
81,-22.086420072276493,"Location(x=-112.940796, y=-58.357967, z=0.001824)","Location(x=-111.955856, y=-58.448277, z=0.000000)",10.775680541992188,130,1,1,8.83393352646135,0.09801227520515476,10.595369571528863,18.535660377562763,0
82,-16.20695714717123,"Location(x=-113.029083, y=-59.887871, z=0.001740)","Location(x=-112.159569, y=-60.006550, z=0.000000)",6.9989683628082275,84,1,1,11.721006471303468,0.11564959140461062,9.0689550221432,17.71942287717146,0
83,-34.720759235352524,"Location(x=-111.460281, y=14.044082, z=0.001776)","Location(x=-110.503418, y=14.016149, z=0.000000)",28.55979895591736,345,1,7,22.658228630404516,0.013961078951173659,72.26442397839855,33.987358848513864,0
84,-17.621960840983842,"Location(x=-109.742226, y=-47.674324, z=0.001853)","Location(x=-110.579926, y=-47.638054, z=0.000000)",8.665140390396118,105,1,1,10.891802766063936,0.0990142722426295,10.539229571877513,18.55139859536898,0
85,-26.144397015157452,"Location(x=-111.085640, y=-26.026052, z=0.001800)","Location(x=-110.207047, y=-26.054409, z=0.000000)",21.44543981552124,260,1,7,17.96784477232394,0.02347595925611324,43.1019601332664,29.24141690473273,0
86,-21.54594690008537,"Location(x=-113.165161, y=-62.049099, z=0.001860)","Location(x=-112.369293, y=-62.083427, z=0.000000)",7.060466766357422,85,1,1,8.88512109247178,0.15306420692208117,6.942155374388676,18.505537460725563,0
87,-12.657181796657786,"Location(x=-109.085289, y=-31.000546, z=0.001876)","Location(x=-110.170166, y=-31.040533, z=0.000000)",15.64348030090332,184,1,2,15.966708564204087,0.037403695965808045,27.111250166781247,25.80327334310149,0
88,-22.727584166522966,"Location(x=-113.258247, y=-62.330952, z=0.001835)","Location(x=-112.390709, y=-62.340450, z=0.000000)",7.427232980728149,87,1,1,8.338069714531443,0.16102240854531297,6.6696056443906855,18.212723750316826,0
89,-21.691445948461443,"Location(x=-113.235687, y=-61.766571, z=0.001722)","Location(x=-112.349190, y=-61.850357, z=0.000000)",7.540687084197998,87,1,1,9.020148020530199,0.14620914115260294,7.2157119759503985,20.284020920200465,0
90,-20.29004231058878,"Location(x=-113.184486, y=-61.296143, z=0.001868)","Location(x=-112.304710, y=-61.365562, z=0.000000)",7.725579261779785,86,1,1,9.695182735197891,0.13722899232783436,7.676447431280394,18.7873837819996,0
91,-20.018514104051576,"Location(x=-111.395302, y=-18.216787, z=0.001866)","Location(x=-110.264816, y=-18.243660, z=0.000000)",24.783127784729004,249,1,4,17.29937178182706,0.02536014537428089,39.80766635263353,27.964694516622423,0
92,-17.984935387219572,"Location(x=-113.087135, y=-60.583672, z=0.001747)","Location(x=-112.229897, y=-60.629944, z=0.000000)",7.384403228759766,84,1,1,10.821126920437283,0.12489793522203099,8.372257307171822,20.124027259755856,0
93,-11.453275802132202,"Location(x=-109.120293, y=-36.655098, z=0.001748)","Location(x=-110.133583, y=-36.684246, z=0.000000)",13.211133003234863,159,1,2,14.646594014633799,0.04729571334797417,21.490457235951908,24.46901051046534,0
94,-19.023049995107712,"Location(x=-112.828300, y=-58.252239, z=0.001871)","Location(x=-111.938316, y=-58.326664, z=0.000000)",9.428052425384521,114,1,1,10.192625647344721,0.0972811851760406,10.706545454078878,20.066404177099887,0
95,-8.695493803857655,"Location(x=-109.197144, y=-34.865295, z=0.001766)","Location(x=-110.141769, y=-34.903416, z=0.000000)",13.75501036643982,166,1,1,15.213324053033467,0.04370211106854967,23.285836695344187,29.0602543817733,0
96,-20.201161573341643,"Location(x=-109.514091, y=-46.879711, z=0.001860)","Location(x=-110.513519, y=-46.839996, z=0.000000)",9.3515944480896,113,1,2,10.875980010932869,0.09164120567737842,11.337820281885797,18.340083558738733,0
97,-18.216725396576994,"Location(x=-112.107040, y=-51.358112, z=0.001761)","Location(x=-110.985237, y=-51.563168, z=0.000000)",11.593432664871216,140,1,4,13.647837078477641,0.0579711777902166,17.61226971913129,26.113681573584476,0
98,-15.173570009976457,"Location(x=-109.375885, y=-43.731781, z=0.001853)","Location(x=-110.305328, y=-43.717415, z=0.000000)",10.79253602027893,129,1,1,12.163537054365555,0.07128413404533682,14.458165386749897,21.55553747978353,0
99,-20.521145290057163,"Location(x=-113.220581, y=-62.364944, z=0.001725)","Location(x=-112.393288, y=-62.371876, z=0.000000)",6.450581073760986,76,1,1,9.492441284170198,0.16049014319152974,6.630107635457534,18.25140312670998,0
100,-8.031249716435656,"Location(x=-109.307602, y=-37.654007, z=0.001817)","Location(x=-110.134682, y=-37.672562, z=0.000000)",12.839174270629883,148,1,1,15.023009403562156,0.04972636347107125,20.51317129621748,26.939372615168516,0
101,-21.146402978370006,"Location(x=-113.192429, y=-61.869999, z=0.001820)","Location(x=-112.357979, y=-61.951099, z=0.000000)",7.4631054401397705,84,1,1,9.202055695082217,0.14890560434775144,7.108748467173427,18.46064633542923,0
102,-34.90399322656986,"Location(x=-111.226723, y=5.648772, z=0.001902)","Location(x=-110.441315, y=5.619827, z=0.000000)",27.53165578842163,281,1,5,24.59912770193521,0.015796990485909067,63.88440824509598,37.08886757274095,0
103,-17.46998195873492,"Location(x=-112.930771, y=-58.539536, z=0.001823)","Location(x=-111.981651, y=-58.629852, z=0.000000)",9.863388538360596,101,1,1,11.180232043607543,0.09991125314092221,10.401519348379225,18.646516920426237,0
104,-19.894931684793725,"Location(x=-109.500710, y=-46.666771, z=0.001808)","Location(x=-110.495049, y=-46.605839, z=0.000000)",11.020045280456543,113,1,2,11.055313519185784,0.08962780153306196,11.523919788072817,19.418389927876586,0
105,-12.655645916395978,"Location(x=-109.058800, y=-37.347599, z=0.001728)","Location(x=-110.133759, y=-37.370850, z=0.000000)",13.888643264770508,159,1,2,14.150770669893038,0.04891038944280709,20.79787845670944,24.1330662730368,0
106,-24.81151976712088,"Location(x=-113.250778, y=-63.399124, z=0.001592)","Location(x=-112.476036, y=-63.416019, z=0.000000)",7.079784631729126,85,1,1,7.17855131762809,0.19246533821992903,5.6120615671388805,15.983747360014362,0
107,-16.922044248601857,"Location(x=-109.131180, y=-41.547432, z=0.001661)","Location(x=-110.208496, y=-41.533813, z=0.000000)",14.159164667129517,143,1,2,12.596345809175787,0.06140408443232833,16.63968266369193,23.233734459434384,0
108,-15.87715030908326,"Location(x=-109.590317, y=-47.321243, z=0.001844)","Location(x=-110.549370, y=-47.278824, z=0.000000)",9.71240758895874,98,1,1,12.033107028073632,0.09545974948142277,10.867120373994112,18.502596558815455,0
109,-15.250224803281156,"Location(x=-109.395729, y=-44.739639, z=0.001852)","Location(x=-110.362503, y=-44.708405, z=0.000000)",11.755266904830933,119,1,1,12.248427668661218,0.07674169777015075,13.439227372698952,19.074490689866632,0
110,-18.360966202089273,"Location(x=-109.274643, y=-44.272442, z=0.001761)","Location(x=-110.334587, y=-44.242352, z=0.000000)",12.647285461425781,127,1,2,11.903267703509425,0.07372008059892599,13.924538414052222,21.973928084747385,0
111,-16.32983492690854,"Location(x=-109.321968, y=-44.522869, z=0.001825)","Location(x=-110.349258, y=-44.491119, z=0.000000)",11.35455060005188,115,1,2,12.896674004128137,0.07526162708539565,13.677832426386885,19.952427568459015,0
112,-19.783255699774646,"Location(x=-113.154404, y=-60.035496, z=0.001684)","Location(x=-112.168083, y=-60.079147, z=0.000000)",9.487611770629883,96,1,1,10.100240390407102,0.11715220821317837,8.924108825391158,18.110892434834476,0
113,-11.63180462204227,"Location(x=-109.512108, y=-39.782959, z=0.001818)","Location(x=-110.160225, y=-39.806786, z=0.000000)",20.5489764213562,207,1,3,15.446388401445038,0.03457740645248325,29.50967579893768,25.77114542548115,0
114,-17.223606943663068,"Location(x=-109.277290, y=-43.473682, z=0.001894)","Location(x=-110.291725, y=-43.457928, z=0.000000)",12.721209526062012,129,1,2,12.355659865988889,0.06973086015728132,14.70408288424369,23.7985712723414,0
115,-27.65811160327678,"Location(x=-109.160606, y=-25.412697, z=0.001774)","Location(x=-110.211502, y=-25.452488, z=0.000000)",18.49255871772766,187,1,6,18.942914626038615,0.030870562987338854,32.67389013618231,33.58051809812138,0
116,-29.295530979200098,"Location(x=-109.396759, y=-6.958904, z=0.001717)","Location(x=-110.347992, y=-6.998125, z=0.000000)",27.122759580612183,285,1,7,19.466664716212247,0.01970133955158469,51.265107984887436,29.110890959871217,0
117,-32.539907129750894,"Location(x=-111.704033, y=15.382004, z=0.001752)","Location(x=-110.513321, y=15.355451, z=0.000000)",32.8580117225647,395,1,8,20.14337684069087,0.013686494381812998,73.57686532783555,31.324642718175614,0
118,-20.48843981655277,"Location(x=-113.068321, y=-60.551121, z=0.001863)","Location(x=-112.226112, y=-60.594887, z=0.000000)",7.986388444900513,97,1,1,9.438555486081587,0.12490577580729348,8.420566986082122,18.335537171416114,0
119,-21.249955609322395,"Location(x=-113.193077, y=-62.034946, z=0.001657)","Location(x=-112.369293, y=-62.083427, z=0.000000)",6.886469841003418,83,1,1,9.109027267568173,0.15289070697068122,6.951646538334899,16.763301109048683,0
120,-22.494511388408267,"Location(x=-113.192856, y=-61.443272, z=0.001609)","Location(x=-112.318962, y=-61.516380, z=0.000000)",7.9710071086883545,96,1,1,8.542844063159304,0.14000131822674322,7.544156780553749,17.982678901176676,0
121,-13.731691635910762,"Location(x=-109.177536, y=-28.020344, z=0.001783)","Location(x=-110.192215, y=-28.059917, z=0.000000)",16.127742052078247,195,1,2,16.71205133643217,0.03367289264521737,30.093398324854206,26.56428804523545,0
122,-10.15634881891353,"Location(x=-109.157677, y=-36.226589, z=0.001882)","Location(x=-110.134583, y=-36.258659, z=0.000000)",14.132183313369751,168,1,1,14.13661664563892,0.04643433811306234,21.92033535381779,24.08883968896019,0
123,-22.028547563820798,"Location(x=-110.012207, y=-51.105694, z=0.001694)","Location(x=-110.923843, y=-51.041912, z=0.000000)",7.547025203704834,87,1,1,8.887564671253477,0.14968509775918257,7.116871652804548,16.326426691503535,0
124,-21.74053051398363,"Location(x=-109.098648, y=-40.364510, z=0.001859)","Location(x=-110.173172, y=-40.368073, z=0.000000)",12.501196384429932,141,1,6,13.700762941981827,0.05732497467389494,17.827219125407282,21.814335452438854,0
125,-16.316539234153893,"Location(x=-112.725868, y=-57.466934, z=0.001745)","Location(x=-111.820808, y=-57.534885, z=0.000000)",10.525050640106201,108,1,1,11.538389585192832,0.09072530124006725,11.473665216472,21.190483644897316,0
126,-20.608741900088106,"Location(x=-113.108482, y=-60.019890, z=0.001654)","Location(x=-112.165680, y=-60.058578, z=0.000000)",9.979979753494263,102,1,1,9.51143892271313,0.11779317470074488,8.934164150705328,16.49021867480097,0
127,-19.86916378848359,"Location(x=-112.963432, y=-59.348259, z=0.001744)","Location(x=-112.091583, y=-59.451462, z=0.000000)",10.354461669921875,106,1,1,9.845183666747207,0.10836044849565396,9.601214312831871,19.949801220453878,0
128,-9.422106732456413,"Location(x=-109.256889, y=-40.696068, z=0.001841)","Location(x=-110.182037, y=-40.698994, z=0.000000)",13.259925365447998,131,1,1,14.445468007208195,0.05881072508414541,17.471911461063428,23.1046606517691,0
129,-21.57512772246991,"Location(x=-113.267311, y=-63.017525, z=0.001800)","Location(x=-112.446114, y=-63.028221, z=0.000000)",7.378771543502808,73,1,1,8.918543866774172,0.17963679528807738,5.9818432245228905,18.26764330203647,0
130,-20.774290787803935,"Location(x=-113.139061, y=-60.972069, z=0.001681)","Location(x=-112.271751, y=-61.030731, z=0.000000)",7.712977409362793,93,1,1,9.339676785510589,0.13198329435236514,7.996187250158982,17.805568684974368,0
131,-22.881825869548944,"Location(x=-110.108452, y=-51.328506, z=0.001575)","Location(x=-110.950516, y=-51.270741, z=0.000000)",7.463123321533203,90,1,1,8.325952880870227,0.15474905978244016,6.882917081791675,17.920568724492117,0
132,-14.209466181979506,"Location(x=-109.166870, y=-40.624569, z=0.001790)","Location(x=-110.180008, y=-40.626080, z=0.000000)",11.90985655784607,143,1,2,13.316637683166551,0.058154025909421175,17.552777823759243,25.69695759969519,0
133,-20.44850186519215,"Location(x=-109.842316, y=-49.655205, z=0.001617)","Location(x=-110.764290, y=-49.582207, z=0.000000)",8.201914072036743,96,1,1,9.673967212088742,0.12279321903073773,8.554215362470131,17.69225211738344,0
134,-20.50448125103754,"Location(x=-113.139214, y=-61.134140, z=0.001723)","Location(x=-112.288231, y=-61.195847, z=0.000000)",7.487761735916138,90,1,1,9.468085123927553,0.13485661523099324,7.840843285084702,17.783680775762775,0
135,-18.794383996930016,"Location(x=-112.540581, y=-55.192371, z=0.001665)","Location(x=-111.494385, y=-55.341595, z=0.000000)",10.99621868133545,128,1,2,11.661722723060974,0.07474944329558715,13.754345679597463,22.6304628270037,0
136,-16.944719809536203,"Location(x=-109.085884, y=-33.238514, z=0.001678)","Location(x=-110.153618, y=-33.278397, z=0.000000)",16.14941382408142,195,1,4,13.847741692885586,0.0407429783107592,24.909057861354086,25.521256444360617,0
137,-21.378903387128094,"Location(x=-109.769783, y=-48.627773, z=0.001671)","Location(x=-110.664528, y=-48.572300, z=0.000000)",9.516605615615845,115,1,1,9.046560890827633,0.10938052805599997,9.581828061694978,17.962681454228413,0
138,-12.913908987774235,"Location(x=-111.424744, y=-45.240902, z=0.001813)","Location(x=-110.402084, y=-45.322563, z=0.000000)",8.719907283782959,105,1,1,13.181650350896087,0.08086865037742713,12.750119294738397,22.852352474845432,0
139,-29.663893072456087,"Location(x=-111.261871, y=-17.073120, z=0.001804)","Location(x=-110.273270, y=-17.100834, z=0.000000)",19.218072652816772,231,1,7,19.344403113778757,0.024650518682494744,41.288982442056295,28.142448979439106,0
140,-19.78955309621752,"Location(x=-113.134010, y=-60.770267, z=0.001821)","Location(x=-112.250565, y=-60.824711, z=0.000000)",7.440710544586182,90,1,1,9.904237105218252,0.12848389984382907,8.20505817772937,18.485793506929078,0
141,-17.492676791913397,"Location(x=-109.623535, y=-48.014130, z=0.001834)","Location(x=-110.608177, y=-47.959225, z=0.000000)",8.143317937850952,98,1,2,11.301188480636318,0.10190605370898631,10.202233378280653,19.607890815437727,0
142,-20.392247509054897,"Location(x=-113.197731, y=-61.838692, z=0.001650)","Location(x=-112.355270, y=-61.919838, z=0.000000)",6.726906776428223,81,1,1,9.581949209442884,0.14865787233174846,7.145951781189069,15.453713290566585,0
143,-11.905983766571586,"Location(x=-109.218155, y=-40.709808, z=0.001764)","Location(x=-110.182388, y=-40.711445, z=0.000000)",12.224518537521362,144,1,1,13.150229034837512,0.058949767090044826,17.465169161587255,25.42350483108328,0
144,-16.04515468457022,"Location(x=-109.200859, y=-41.533340, z=0.001862)","Location(x=-110.208069, y=-41.521873, z=0.000000)",11.805182456970215,140,1,2,12.892216412518335,0.06149217088769647,16.643685559974983,21.398103467077288,0
145,-16.08212461733091,"Location(x=-111.216606, y=-30.019814, z=0.001874)","Location(x=-110.177513, y=-30.047215, z=0.000000)",14.751143455505371,177,1,2,17.170218910740132,0.03620523563450487,28.05629703705199,27.09579234147037,0
146,-19.460237341335034,"Location(x=-112.985245, y=-60.057835, z=0.001635)","Location(x=-112.168709, y=-60.084538, z=0.000000)",8.181242942810059,98,1,1,9.87731115710156,0.11800006957594948,8.908402654109523,17.67900836901578,0
147,-18.792754775482308,"Location(x=-113.082214, y=-60.576946, z=0.001843)","Location(x=-112.229103, y=-60.622589, z=0.000000)",7.345330715179443,88,1,1,10.357437604840188,0.12512938573522356,8.389107364229858,18.222819498050622,0
148,-10.77976000511123,"Location(x=-109.229546, y=-40.345562, z=0.001718)","Location(x=-110.172791, y=-40.353046, z=0.000000)",10.142302751541138,121,1,1,15.982551072493358,0.0572010147396306,17.80914232833311,27.956942117643052,0
149,-13.890475109605504,"Location(x=-109.405342, y=-44.727547, z=0.001857)","Location(x=-110.361809, y=-44.697109, z=0.000000)",9.564805746078491,113,1,1,12.930283062332723,0.07675015147791961,13.470788355218247,18.87470411167925,0
150,-27.913943051676743,"Location(x=-111.217125, y=-9.764784, z=0.001771)","Location(x=-110.327324, y=-9.793092, z=0.000000)",21.679649591445923,253,1,5,20.751848347466858,0.02088008483541521,48.517052922048606,29.699636236730868,0
151,-12.580100743452826,"Location(x=-109.427002, y=-44.352242, z=0.001682)","Location(x=-110.339699, y=-44.329887, z=0.000000)",10.054346561431885,115,1,1,13.047142779119039,0.07428996736517725,13.837223447859287,23.22008054208165,0
152,-16.230411320309802,"Location(x=-109.121704, y=-39.847122, z=0.001818)","Location(x=-110.161324, y=-39.859135, z=0.000000)",11.538385391235352,128,1,4,15.532283307515424,0.05559360774983326,18.326801822986454,26.482809495513077,0
153,-17.82996936936188,"Location(x=-112.895866, y=-59.273113, z=0.001815)","Location(x=-112.080681, y=-59.366081, z=0.000000)",9.850825309753418,98,1,1,10.744302188507225,0.10766168023730738,9.687375606852584,21.393741170393877,0
154,-17.747432794344913,"Location(x=-109.580650, y=-46.097183, z=0.001761)","Location(x=-110.453217, y=-46.051926, z=0.000000)",12.294832468032837,121,1,1,10.84730092047316,0.0854456472936588,12.091572317061946,21.353555605333188,0
155,-19.94112910589922,"Location(x=-109.749207, y=-48.586956, z=0.001616)","Location(x=-110.660583, y=-48.530525, z=0.000000)",10.904709100723267,107,1,1,9.76997630681951,0.10906299210155719,9.610283480782527,22.885857500496012,0
156,-25.062595372550103,"Location(x=-113.180962, y=-61.964222, z=0.001641)","Location(x=-112.366074, y=-62.045509, z=0.000000)",11.11180591583252,108,1,1,7.054773649761375,0.15149467418017049,7.01370181015227,16.383441137623944,0
157,-24.92599333919232,"Location(x=-113.285522, y=-63.375347, z=0.001608)","Location(x=-112.474419, y=-63.394146, z=0.000000)",8.503202438354492,86,1,1,7.154801930438588,0.19191212446748504,5.63832525286125,16.914569186914104,0
158,-23.511396137636048,"Location(x=-111.155922, y=-29.169168, z=0.001779)","Location(x=-110.183807, y=-29.196968, z=0.000000)",19.695404767990112,237,1,5,18.27467604937269,0.025315176423134054,40.01681182574248,31.948490013090087,0
159,-14.045831056578045,"Location(x=-111.140205, y=-15.933840, z=0.001906)","Location(x=-110.281693, y=-15.962325, z=0.000000)",21.112846612930298,255,1,1,17.90504806978323,0.023976063603997157,42.27898575813742,30.094143597555146,0
160,-18.505258818636527,"Location(x=-109.663467, y=-48.203094, z=0.001729)","Location(x=-110.625145, y=-48.147575, z=0.000000)",8.350188255310059,101,1,1,10.75937668577797,0.10377567581017275,10.014252010907512,21.300498103326635,0
161,-18.71964974451381,"Location(x=-113.242516, y=-61.485863, z=0.001800)","Location(x=-112.323463, y=-61.564892, z=0.000000)",6.3704729080200195,77,1,1,10.601247085476569,0.14076060432630802,7.504468312021345,19.315197855839745,0
162,-19.198141719741262,"Location(x=-113.093269, y=-60.269672, z=0.001836)","Location(x=-112.194710, y=-60.311058, z=0.000000)",7.731907606124878,93,1,1,10.155200090337784,0.121369986006636,8.698285006044898,18.564370892988816,0
163,-17.353095007267996,"Location(x=-109.406708, y=-45.179775, z=0.001686)","Location(x=-110.390060, y=-45.141159, z=0.000000)",10.452838897705078,126,1,1,11.222829473383056,0.07914626922812211,13.026720859779743,22.48941955652156,0
164,-9.173530024424238,"Location(x=-111.055740, y=-33.314022, z=0.001713)","Location(x=-110.153145, y=-33.342228, z=0.000000)",15.968181848526001,186,1,1,14.482998487189597,0.041064291995231046,24.861335658788448,28.893173117000387,0
165,-19.671671072103965,"Location(x=-113.087318, y=-60.028847, z=0.001867)","Location(x=-112.166504, y=-60.065517, z=0.000000)",8.726861000061035,97,1,1,10.00674272423675,0.11726144469316722,8.9355303166667,18.409400883592966,0
166,-10.297396094666084,"Location(x=-109.201134, y=-39.155396, z=0.001679)","Location(x=-110.148895, y=-39.179993, z=0.000000)",13.58170223236084,146,1,1,14.112865170790734,0.053644960631962044,18.99365486347233,27.50629674940841,0
167,-15.27223277650128,"Location(x=-112.611198, y=-55.238777, z=0.001766)","Location(x=-111.502373, y=-55.396164, z=0.000000)",11.548575162887573,113,1,2,13.158954643959929,0.07486458569602297,13.693817251711152,24.183589610095297,0
168,-21.43365501134575,"Location(x=-113.250641, y=-61.610180, z=0.001803)","Location(x=-112.335129, y=-61.692467, z=0.000000)",8.93398118019104,87,1,1,9.208586036180007,0.14306706364847843,7.359451637370512,18.89613417501756,0
169,-18.23654954070639,"Location(x=-112.974281, y=-59.307812, z=0.001807)","Location(x=-112.086571, y=-59.412067, z=0.000000)",9.849576950073242,98,1,1,10.683778126767871,0.10825637326666475,9.636328007094562,19.0987529515244,0
170,-22.16124908633536,"Location(x=-109.307137, y=2.784253, z=0.001758)","Location(x=-110.420052, y=2.744061, z=0.000000)",28.411601066589355,318,1,2,20.712844817554096,0.01651581867165531,60.86739480239339,35.20055571629103,0
171,-28.118316438303257,"Location(x=-109.265732, y=-8.924897, z=0.001852)","Location(x=-110.333450, y=-8.964803, z=0.000000)",22.976715803146362,273,1,6,19.564617310446543,0.02048553867806279,49.19730380224064,30.627665461418214,0
172,-25.10709084547928,"Location(x=-113.120728, y=-59.946133, z=0.001876)","Location(x=-112.163170, y=-60.037186, z=0.000000)",11.261050939559937,136,1,1,7.185047822428578,0.11617454526603432,9.025363802342326,18.4485128363332,0
173,-11.995781140739517,"Location(x=-109.257042, y=-35.565086, z=0.001709)","Location(x=-110.137474, y=-35.600323, z=0.000000)",12.004835367202759,145,1,1,16.894934385122948,0.04508001575601932,22.589159734547138,28.667666920262494,0
174,-19.347569357504224,"Location(x=-111.595131, y=-47.215630, z=0.001794)","Location(x=-110.556236, y=-47.360786, z=0.000000)",9.273837804794312,112,1,2,10.452585376027953,0.09668262885251842,10.78155472924118,18.40891614060176,0
175,-14.496862426036179,"Location(x=-109.385201, y=-43.776405, z=0.001675)","Location(x=-110.307724, y=-43.761806, z=0.000000)",10.334081411361694,125,1,1,12.530591111371985,0.0713256256361898,14.426567866030382,23.881622024811637,0
176,-21.574103682954664,"Location(x=-113.225807, y=-62.722328, z=0.001803)","Location(x=-112.422287, y=-62.730396, z=0.000000)",6.4118101596832275,77,1,1,8.886646809166182,0.1703441371058611,6.280780004890403,19.223648059753067,0
177,-19.391324365785547,"Location(x=-113.064018, y=-59.217152, z=0.001711)","Location(x=-112.076408, y=-59.332878, z=0.000000)",8.746464729309082,103,1,1,10.268612913254191,0.10744341874841727,9.745565054006875,17.61437134312128,0
178,-14.473601005632093,"Location(x=-112.616905, y=-56.203007, z=0.001801)","Location(x=-111.641541, y=-56.337597, z=0.000000)",9.2852942943573,108,1,1,12.771548616995121,0.08096613012317769,12.723653589375317,19.39045472478577,0
179,-22.48232439599142,"Location(x=-109.426689, y=-46.042831, z=0.001699)","Location(x=-110.448654, y=-45.989342, z=0.000000)",11.813066244125366,136,1,2,9.700046755908943,0.08506742805632497,12.17089866832248,16.694180794313333,0
180,-20.643166770954195,"Location(x=-111.824722, y=-50.376785, z=0.001718)","Location(x=-110.859055, y=-50.468960, z=0.000000)",7.582777738571167,85,1,1,9.7141906023892,0.13960458794083078,7.594188454328105,18.144633926691267,0
181,-18.724206441977536,"Location(x=-112.908424, y=-58.851990, z=0.001726)","Location(x=-112.024765, y=-58.942257, z=0.000000)",9.249825477600098,105,1,1,10.444873021489647,0.10287089505250337,10.099157786899013,20.20527652612677,0
182,-19.398050671373873,"Location(x=-113.144539, y=-61.877094, z=0.001699)","Location(x=-112.358177, y=-61.953407, z=0.000000)",7.367279529571533,77,1,1,10.019663129045492,0.1490831542569165,7.0958367676939815,18.405651906880983,0
183,-18.707179995739374,"Location(x=-113.105522, y=-59.899612, z=0.001606)","Location(x=-112.162216, y=-60.029076, z=0.000000)",8.115397691726685,93,1,1,10.584265056241934,0.11579950637479759,9.062550698639825,17.46240386264301,0
184,-13.204871787101132,"Location(x=-109.074158, y=-39.397728, z=0.001763)","Location(x=-110.152756, y=-39.415169, z=0.000000)",12.088467597961426,146,1,2,13.949738662204306,0.054264365280716056,18.780660002026707,25.58441718594846,0
185,-21.33106188649418,"Location(x=-113.106499, y=-60.421944, z=0.001740)","Location(x=-112.212166, y=-60.467335, z=0.000000)",8.462031364440918,102,1,1,9.110290510087825,0.12268085855643171,8.549950966407778,19.972742386586276,0
186,-11.963605505734442,"Location(x=-109.266502, y=-42.299911, z=0.001772)","Location(x=-110.237007, y=-42.278347, z=0.000000)",10.63216781616211,129,1,1,13.373748106125213,0.06459988290075985,15.86699999216944,20.843091881410906,0
187,-20.341770692290634,"Location(x=-113.202713, y=-62.439842, z=0.001750)","Location(x=-112.399330, y=-62.445889, z=0.000000)",6.3972837924957275,76,1,1,9.401380591276354,0.1648778403481625,6.56018996948842,18.62914470861656,0
188,-9.62871710345052,"Location(x=-109.201950, y=-39.309059, z=0.001852)","Location(x=-110.151329, y=-39.331379, z=0.000000)",11.72340440750122,141,1,1,14.490824528706588,0.05416676489514468,18.854865801986307,20.896768872727172,0
189,-43.706973188181074,"Location(x=-111.625084, y=12.005527, z=0.001812)","Location(x=-110.488350, y=11.978665, z=0.000000)",31.85618567466736,371,1,10,23.678748212444905,0.012391374892777784,81.2210041754879,35.62769540974385,0
190,-16.741450781878466,"Location(x=-109.474823, y=-46.591297, z=0.001823)","Location(x=-110.489197, y=-46.530262, z=0.000000)",8.726577281951904,99,1,2,12.717987393345368,0.0890628923334155,11.619545491877943,21.334362141215024,0
191,-22.70291417726805,"Location(x=-109.979279, y=-50.398857, z=0.001779)","Location(x=-110.842720, y=-50.320415, z=0.000000)",8.924128532409668,101,1,1,8.417987261952582,0.13499935832538656,7.813082293432672,19.76286332542004,0
192,-16.42029520067632,"Location(x=-109.025650, y=-31.790283, z=0.001785)","Location(x=-110.164330, y=-31.830587, z=0.000000)",16.134965896606445,167,1,2,17.088891051218255,0.03844046048710509,26.33617122040596,28.68435308509544,0
193,-13.890503894084366,"Location(x=-109.113808, y=-30.308475, z=0.001823)","Location(x=-110.175293, y=-30.348324, z=0.000000)",17.478829622268677,182,1,2,16.55600064992246,0.036378647813387864,27.812487312825397,31.082562059720207,0
194,-14.348233082906683,"Location(x=-109.200592, y=-41.020744, z=0.001773)","Location(x=-110.191429, y=-41.017151, z=0.000000)",13.991299629211426,141,1,2,13.185027937783545,0.059636208362006296,17.147072842810303,22.790494199589272,0
195,-22.392745634729305,"Location(x=-113.245255, y=-63.590633, z=0.001620)","Location(x=-112.490265, y=-63.614620, z=0.000000)",6.187515497207642,70,1,1,8.416534572451036,0.19986752522298531,5.403037866344675,16.788594026947326,0
196,-15.451318508349248,"Location(x=-109.282921, y=-39.823284, z=0.001796)","Location(x=-110.160919, y=-39.840137, z=0.000000)",14.57584261894226,170,1,1,11.71509583225966,0.05583796147516425,18.356757010391448,21.084236060413257,0
197,-17.77209242512517,"Location(x=-113.021133, y=-58.969883, z=0.001755)","Location(x=-112.042862, y=-59.077015, z=0.000000)",8.492008924484253,99,1,1,11.005804195934175,0.10483323624665836,9.993760877026943,23.62242671418367,0
198,-12.75489594173613,"Location(x=-109.214447, y=-23.460718, z=0.001763)","Location(x=-110.225937, y=-23.500278, z=0.000000)",19.704947233200073,230,1,2,16.31329341123169,0.029170749703007145,34.6579177157837,26.438503214929362,0
199,-9.232131134457235,"Location(x=-109.234070, y=-40.838055, z=0.001799)","Location(x=-110.186043, y=-40.838181, z=0.000000)",10.70113229751587,128,1,1,14.685724683381238,0.05906403260723009,17.333744871342788,24.834093658388955,0
200,-12.268829400846974,"Location(x=-109.107124, y=-41.299999, z=0.001860)","Location(x=-110.200142, y=-41.289524, z=0.000000)",10.38494062423706,126,1,2,14.534714081833139,0.06055778292791311,16.89601492410293,22.635997689067977,0
201,-18.23186777759835,"Location(x=-112.946587, y=-59.030193, z=0.001781)","Location(x=-112.049583, y=-59.127594, z=0.000000)",8.42204236984253,101,1,1,10.66111856978235,0.10545635960630789,9.922992309060646,18.558715472173045,0
202,-12.291430264790174,"Location(x=-109.175117, y=-39.474449, z=0.001793)","Location(x=-110.154152, y=-39.493546, z=0.000000)",13.146474599838257,154,1,2,13.14828881971231,0.05462513734590507,18.682674753392348,20.517254477588956,0
203,-18.128526884210608,"Location(x=-109.156525, y=-38.726669, z=0.001824)","Location(x=-110.143478, y=-38.788338, z=0.000000)",13.627673387527466,159,1,4,13.253728277415734,0.0524895276315067,19.451018809369998,21.826433266051826,0
204,-17.272044342874374,"Location(x=-109.648697, y=-47.844624, z=0.001688)","Location(x=-110.593704, y=-47.795879, z=0.000000)",8.640456914901733,99,1,1,11.353345416871518,0.10020781653506056,10.361199451959692,21.143407069169598,0
205,-10.548598705349342,"Location(x=-109.233902, y=-40.771423, z=0.001778)","Location(x=-110.184135, y=-40.772560, z=0.000000)",11.860374927520752,134,1,1,14.073876977159756,0.058684920476044955,17.40109782665968,23.854969659323014,0
206,-22.58070019815863,"Location(x=-109.768661, y=-48.222733, z=0.001847)","Location(x=-110.627777, y=-48.176476, z=0.000000)",11.718946695327759,131,1,1,8.261461715856475,0.1049484428623441,9.969896414433606,18.507727296174178,0
207,-20.346163184270004,"Location(x=-109.698700, y=-49.215656, z=0.001906)","Location(x=-110.719528, y=-49.139870, z=0.000000)",8.657592058181763,89,1,2,10.990924367728557,0.11606774747723346,9.011961457727011,18.251542098098998,0
208,-22.80957172415262,"Location(x=-109.930107, y=-50.378845, z=0.001730)","Location(x=-110.840088, y=-50.296368, z=0.000000)",9.280174970626831,101,1,1,8.415615806808102,0.1351633951504933,7.828399930120213,15.786106738541102,0
209,-11.423021677142385,"Location(x=-109.186630, y=-36.672615, z=0.001855)","Location(x=-110.133560, y=-36.701233, z=0.000000)",11.76594066619873,142,1,1,16.393190260850236,0.047385548816533944,21.472928759176284,24.11069390524653,0
210,-20.942282259057368,"Location(x=-113.145332, y=-60.901894, z=0.001853)","Location(x=-112.264542, y=-60.959904, z=0.000000)",8.110125541687012,94,1,1,9.332933197056382,0.13025741007192781,8.073466032452416,18.423711750489453,0
211,-22.564324353240018,"Location(x=-109.569489, y=-47.560074, z=0.001864)","Location(x=-110.568939, y=-47.510406, z=0.000000)",10.25400710105896,120,1,2,9.651894920055103,0.0977373550219947,10.665354174707318,18.408605854133278,0
212,-15.762381885320949,"Location(x=-109.185265, y=-24.063698, z=0.001806)","Location(x=-110.221481, y=-24.103405, z=0.000000)",18.153419733047485,214,1,2,17.227473176812484,0.02970822962456798,34.0497865282814,27.843941911121064,0
213,-22.33222131455557,"Location(x=-109.930817, y=-50.662918, z=0.001734)","Location(x=-110.873802, y=-50.601532, z=0.000000)",8.653868436813354,94,1,1,8.751455791513612,0.14049393513822464,7.56469111784827,17.411117093674104,0
214,-20.199161341442323,"Location(x=-111.345390, y=-19.525917, z=0.001781)","Location(x=-110.255135, y=-19.553028, z=0.000000)",21.001808643341064,215,1,2,19.39206288608121,0.02625410076293822,38.609389544668375,31.33263064474405,0
215,-14.91203117257226,"Location(x=-109.545860, y=-46.187874, z=0.001779)","Location(x=-110.459610, y=-46.138805, z=0.000000)",10.2912278175354,105,1,1,12.393606941802148,0.08617927572030754,11.989266966469586,20.68723402533087,0
216,-19.496151868158318,"Location(x=-113.178093, y=-61.561428, z=0.001695)","Location(x=-112.329941, y=-61.635311, z=0.000000)",7.878828048706055,80,1,1,10.069213416776673,0.1424482744536051,7.410894664586522,18.0706231173462,0
217,-9.357112440993415,"Location(x=-112.293106, y=-54.436821, z=0.001875)","Location(x=-111.383369, y=-54.573467, z=0.000000)",10.468574523925781,107,1,1,14.730314204543898,0.07067810110076218,14.510250205988996,25.723965577528386,0
218,-22.505754771847133,"Location(x=-113.062012, y=-61.116802, z=0.001855)","Location(x=-112.285706, y=-61.170261, z=0.000000)",10.118990421295166,103,1,1,8.294873693756674,0.13415229518881294,7.853894340747502,18.232002055258487,0
219,-21.336726153961447,"Location(x=-113.185730, y=-60.939095, z=0.001823)","Location(x=-112.268829, y=-61.001934, z=0.000000)",9.357930898666382,95,1,1,9.199275900467926,0.1306553963095651,8.034872090240242,19.178053171217336,0
220,-15.400154023594943,"Location(x=-112.641922, y=-56.161522, z=0.001761)","Location(x=-111.636002, y=-56.300404, z=0.000000)",11.072546243667603,112,1,1,12.378747029908649,0.0803919866916153,12.789189937553601,24.242569516231402,0
221,-12.914335027221133,"Location(x=-109.249001, y=-42.641167, z=0.001870)","Location(x=-110.251381, y=-42.613747, z=0.000000)",11.944876909255981,120,1,2,14.018539867601307,0.06598903099469362,15.509417562745512,21.56928793381802,0
222,-17.85371052790715,"Location(x=-109.520760, y=-46.640476, z=0.001844)","Location(x=-110.493141, y=-46.581257, z=0.000000)",10.45798659324646,114,1,1,10.988613673481808,0.08965732909822342,11.543184999609366,18.60886889707461,0
223,-11.339670539516234,"Location(x=-109.173500, y=-33.158432, z=0.001873)","Location(x=-110.154213, y=-33.197800, z=0.000000)",13.647024393081665,165,1,1,16.3744727561739,0.04060705010552505,24.982382902642712,27.951961219853306,0
224,-12.622357554731316,"Location(x=-109.233383, y=-16.795944, z=0.001829)","Location(x=-110.275230, y=-16.835693, z=0.000000)",22.426170825958252,271,1,2,16.49125049259971,0.0244765702159967,41.304933194303885,23.70854743961394,0
225,-15.972996213904038,"Location(x=-109.872215, y=-49.280445, z=0.001711)","Location(x=-110.727425, y=-49.219135, z=0.000000)",6.764301538467407,82,1,1,11.845727263614046,0.1174128094526032,8.919597063213587,21.59792196384386,0
226,-13.63428499460782,"Location(x=-109.086670, y=-39.827965, z=0.001868)","Location(x=-110.160896, y=-39.839294, z=0.000000)",11.943359851837158,145,1,2,13.728911829473923,0.055625399676687365,18.371500248787925,22.7544197412171,0
227,-20.66851655670402,"Location(x=-113.198624, y=-61.539307, z=0.001754)","Location(x=-112.328072, y=-61.614868, z=0.000000)",7.055582523345947,85,1,1,9.522815347578112,0.1415188976288669,7.443858144019032,19.88169562843479,0
228,-20.815282008393364,"Location(x=-109.784653, y=-48.653713, z=0.001846)","Location(x=-110.667046, y=-48.599010, z=0.000000)",9.41464900970459,111,1,1,9.357938715561044,0.10949550037760905,9.56197757771588,18.48879482309117,0
229,-17.50956929084671,"Location(x=-112.825996, y=-57.584530, z=0.001717)","Location(x=-111.840157, y=-57.663784, z=0.000000)",9.548203229904175,110,1,1,11.207571129828654,0.09104661948712467,11.355487123506464,21.892141713327714,0
230,-25.208997756941663,"Location(x=-113.203796, y=-62.972401, z=0.001690)","Location(x=-112.442131, y=-62.978142, z=0.000000)",8.468544244766235,95,1,1,6.885382556319528,0.17951007850452294,6.0208019066776615,14.502090189975657,0
231,-12.549962120792664,"Location(x=-109.118172, y=-34.272400, z=0.001759)","Location(x=-110.145981, y=-34.311966, z=0.000000)",15.581172227859497,163,1,2,15.872398112044321,0.042510640286074174,23.860229656238516,26.91348319775655,0
232,-38.72974450902839,"Location(x=-109.667274, y=23.840672, z=0.001938)","Location(x=-110.574059, y=23.810503, z=0.000000)",38.052913427352905,389,1,9,22.82077316310036,0.012268676300672812,82.04888968143496,34.338690126744595,0
233,-13.461206338873016,"Location(x=-109.093552, y=-38.685257, z=0.001891)","Location(x=-110.142334, y=-38.692043, z=0.000000)",14.137263774871826,154,1,2,13.700873806087545,0.05242320369568001,19.480140597792342,19.167396053096518,0
234,-11.515929142494075,"Location(x=-109.267914, y=-42.440174, z=0.001854)","Location(x=-110.242813, y=-42.416447, z=0.000000)",10.458758115768433,125,1,1,13.674380018987353,0.06497215519690698,15.743906038289424,25.726223214489345,0
235,-8.615335493278524,"Location(x=-109.234711, y=-37.068115, z=0.001813)","Location(x=-110.133392, y=-37.093033, z=0.000000)",12.769627809524536,154,1,1,14.835555509317997,0.048337082746118885,21.089856111444533,21.948456554698602,0
236,-22.18990960807136,"Location(x=-113.143776, y=-60.471062, z=0.001618)","Location(x=-112.218071, y=-60.521141, z=0.000000)",8.734434366226196,106,1,1,8.722975512585215,0.12361471008589826,8.512113944190787,17.619631098637768,0
237,-13.3849946793223,"Location(x=-109.261406, y=-40.254559, z=0.001902)","Location(x=-110.170578, y=-40.264305, z=0.000000)",11.011169195175171,133,1,3,14.58786870576542,0.05703202885832395,17.905389478430152,23.100418672889823,0
238,-16.974975558668856,"Location(x=-109.118912, y=-25.119465, z=0.001835)","Location(x=-110.213669, y=-25.159517, z=0.000000)",18.450366735458374,219,1,4,16.252453189825964,0.030683205579096807,32.98149789485615,23.42351347360134,0
239,-20.312422204602466,"Location(x=-113.158241, y=-60.961357, z=0.001773)","Location(x=-112.270851, y=-61.021793, z=0.000000)",7.711536407470703,90,1,1,9.6614841359067,0.13131797418302885,7.999306796700694,19.60190225750928,0
240,-23.838326969177725,"Location(x=-113.267525, y=-63.589191, z=0.001637)","Location(x=-112.490280, y=-63.614845, z=0.000000)",6.932301998138428,78,1,1,7.593377730841703,0.20270724374147697,5.4371012422489,16.31664896613162,0
241,-19.938501405096744,"Location(x=-109.760147, y=-49.042934, z=0.001633)","Location(x=-110.703453, y=-48.976887, z=0.000000)",8.476432800292969,100,1,1,9.958687120498775,0.11420933379908713,9.168211240146775,17.88595966159864,0
242,-18.33444561318208,"Location(x=-113.079109, y=-60.149940, z=0.001771)","Location(x=-112.180679, y=-60.187824, z=0.000000)",7.739470958709717,90,1,1,10.646606018744974,0.11891786509345585,8.81612127891276,21.563675107193184,0
243,-19.300651228760472,"Location(x=-112.730766, y=-57.404499, z=0.001812)","Location(x=-111.811729, y=-57.474377, z=0.000000)",10.82716703414917,124,1,1,10.09878977356977,0.0897294940086521,11.544991394228418,20.144706597882273,0
244,-18.936323866741404,"Location(x=-109.501503, y=-46.912605, z=0.001815)","Location(x=-110.515991, y=-46.871006, z=0.000000)",9.445698738098145,106,1,2,11.576754947240355,0.09185516961604286,11.305349046364427,18.916863550946328,0
245,-24.152095633835867,"Location(x=-113.135834, y=-60.701088, z=0.001829)","Location(x=-112.243179, y=-60.754463, z=0.000000)",10.898115396499634,110,1,1,7.66084630430003,0.127011197230921,7.7248562499189575,18.31095910169665,0
246,-12.753165879337613,"Location(x=-111.142448, y=-14.159577, z=0.001820)","Location(x=-110.294815, y=-14.188128, z=0.000000)",25.730579376220703,273,1,1,17.452122370255406,0.023018355921009634,43.992062645731494,27.250341734274123,0
247,-15.666287172468516,"Location(x=-111.040840, y=-29.915680, z=0.001927)","Location(x=-110.178276, y=-29.944126, z=0.000000)",15.053928136825562,182,1,3,16.86243961983876,0.036053381207859614,28.31899784191046,31.907144889355763,0
248,-17.915967325090033,"Location(x=-109.095535, y=-39.317547, z=0.001837)","Location(x=-110.151421, y=-39.336781, z=0.000000)",12.378386735916138,151,1,4,13.526973239895305,0.054089764001181255,18.85950469461386,23.15351262166906,0
249,-16.41327156464242,"Location(x=-109.215164, y=-41.925667, z=0.001844)","Location(x=-110.222267, y=-41.908520, z=0.000000)",11.455844402313232,139,1,2,12.680860276759416,0.06305522214467768,16.260802702250658,21.11511875525381,0
250,-16.22652530281643,"Location(x=-109.329849, y=-44.493538, z=0.001824)","Location(x=-110.347565, y=-44.462791, z=0.000000)",9.539039373397827,115,1,2,12.91285760355591,0.07517424473629059,13.705008615273982,18.596291158799485,0
251,-9.10564910840825,"Location(x=-109.223045, y=-38.875950, z=0.001875)","Location(x=-110.144958, y=-38.905331, z=0.000000)",11.875350713729858,143,1,1,14.616842853077195,0.05302584704733261,19.284047531546094,23.744305956434893,0
252,-15.99213562040505,"Location(x=-109.369331, y=-43.617813, z=0.001851)","Location(x=-110.299370, y=-43.605064, z=0.000000)",11.356731176376343,134,1,1,11.785800173952769,0.07058163374653591,14.567961877997732,19.182721085419697,0
253,-18.773746035009072,"Location(x=-112.415947, y=-53.996819, z=0.001852)","Location(x=-111.325127, y=-54.162083, z=0.000000)",11.88269329071045,138,1,2,11.758736381831318,0.06860180592320732,14.962288606126094,21.806256451996997,0
254,-13.6816874275755,"Location(x=-109.198677, y=-37.540543, z=0.001792)","Location(x=-110.134262, y=-37.560966, z=0.000000)",15.390109062194824,175,1,1,12.759992646296933,0.049461218285964545,20.619072581677756,21.7785108842043,0
255,-19.66064512541505,"Location(x=-113.005577, y=-59.554047, z=0.001764)","Location(x=-112.118393, y=-59.665459, z=0.000000)",9.135202407836914,103,1,1,9.907819061388041,0.11164708179583123,9.401894427806837,18.23149282203431,0
256,-25.119817433680662,"Location(x=-113.265717, y=-63.470772, z=0.001824)","Location(x=-112.481537, y=-63.491337, z=0.000000)",8.351242303848267,86,1,1,7.014525394447955,0.195342283996116,5.538895986106581,18.315427696084804,0
257,-15.796224467817979,"Location(x=-109.482803, y=-45.100758, z=0.001669)","Location(x=-110.385307, y=-45.068169, z=0.000000)",11.599750995635986,119,1,1,11.928721523242098,0.07854826039519981,13.072280791267985,24.125047158059598,0
258,-20.767230719120953,"Location(x=-113.131622, y=-62.104160, z=0.001658)","Location(x=-112.370834, y=-62.101685, z=0.000000)",8.011611700057983,82,1,1,9.11957208015258,0.1560619098076852,6.872654446051456,17.395114239861726,0
259,-22.742143119036776,"Location(x=-113.197182, y=-61.180199, z=0.001630)","Location(x=-112.293419, y=-61.248722, z=0.000000)",9.631587505340576,100,1,1,8.458061442723592,0.13509027633561937,7.788106578402221,17.50157679090004,0
260,-19.795293509188113,"Location(x=-109.527222, y=-47.194660, z=0.001596)","Location(x=-110.538612, y=-47.149220, z=0.000000)",8.895675659179688,107,1,2,11.195324801344105,0.09361442308033016,11.021594719437417,24.82112551045277,0
261,-17.301429570275932,"Location(x=-109.335701, y=-44.761406, z=0.001734)","Location(x=-110.363609, y=-44.726162, z=0.000000)",9.679961442947388,117,1,2,12.481287151103425,0.07617430296300247,13.44676953778253,27.099153509836565,0
262,-16.900464225231964,"Location(x=-109.296814, y=-43.856133, z=0.001767)","Location(x=-110.311676, y=-43.834801, z=0.000000)",10.21462368965149,124,1,2,12.561649302423348,0.07149423553635957,14.340747476322576,24.561134412638026,0
263,-16.34832396150129,"Location(x=-112.312836, y=-52.863003, z=0.001839)","Location(x=-111.172874, y=-53.048454, z=0.000000)",11.932865142822266,145,1,1,12.033980502100329,0.06377463991391766,16.094847783359,19.21215939788802,0
264,-20.074267424532113,"Location(x=-113.175308, y=-61.255833, z=0.001668)","Location(x=-112.300674, y=-61.323547, z=0.000000)",7.087775230407715,86,1,1,9.760272171760631,0.13702657460922776,7.724134618416429,16.867033584262526,0
265,-20.094637201287497,"Location(x=-113.116776, y=-60.413074, z=0.001762)","Location(x=-112.211281, y=-60.459366, z=0.000000)",7.9623987674713135,95,1,1,9.808507924251446,0.12234974697044296,8.569819751603063,19.71102909600981,0
266,-27.851298276015108,"Location(x=-109.440048, y=-9.419958, z=0.001894)","Location(x=-110.329796, y=-9.458810, z=0.000000)",23.905032873153687,280,1,7,18.840710311045438,0.02070566708269571,48.74991320524714,29.519497270786704,0
267,-18.62325118377804,"Location(x=-113.036453, y=-59.518356, z=0.001842)","Location(x=-112.114449, y=-59.633644, z=0.000000)",8.41475248336792,97,1,1,10.56829364165286,0.11070387088360824,9.442775785602862,18.582758322969827,0
268,-17.189161212735566,"Location(x=-109.488953, y=-45.368324, z=0.001618)","Location(x=-110.402657, y=-45.331177, z=0.000000)",10.85094404220581,124,1,1,11.216998201774897,0.08026713631601876,12.821271904569585,22.681671607736902,0
269,-21.493766220726723,"Location(x=-113.236816, y=-62.371914, z=0.001572)","Location(x=-112.393951, y=-62.380108, z=0.000000)",7.650320053100586,80,1,1,9.00173720116021,0.16094764387758048,6.6192857103887945,17.499858639001076,0
270,-19.403724061654998,"Location(x=-113.205551, y=-62.665310, z=0.001824)","Location(x=-112.417603, y=-62.671989, z=0.000000)",6.7341461181640625,70,1,1,9.84129758740367,0.171522056189914,6.323049061349593,19.33825843884638,0
271,-22.93094628939108,"Location(x=-113.238708, y=-63.785526, z=0.001650)","Location(x=-112.503754, y=-63.819279, z=0.000000)",6.756966829299927,70,1,1,8.113839574710227,0.20814332043624353,5.221223187400028,15.219482446495876,0
272,-11.505127549091826,"Location(x=-109.274261, y=-41.439735, z=0.001785)","Location(x=-110.204941, y=-41.431751, z=0.000000)",13.10048770904541,134,1,1,13.53230129780546,0.0611737494450233,16.72773479379248,21.69613599611083,0
273,-21.22146506486631,"Location(x=-113.182220, y=-61.592548, z=0.001603)","Location(x=-112.332878, y=-61.667465, z=0.000000)",8.57961130142212,88,1,1,9.11213036293526,0.14386925969454273,7.378109459532425,16.33729788451491,0
274,-24.357267628002745,"Location(x=-113.310944, y=-62.374924, z=0.001798)","Location(x=-112.394661, y=-62.388676, z=0.000000)",9.964009284973145,95,1,1,7.583619287508605,0.1619934506138089,6.61731652013259,18.57718874712348,0
275,-14.26097076872787,"Location(x=-111.761139, y=-47.985062, z=0.001800)","Location(x=-110.623383, y=-48.128201, z=0.000000)",13.990060806274414,169,1,2,13.465028825139456,0.04854075573206187,21.00184921937762,22.67181483030969,0
276,-17.314842372521646,"Location(x=-109.610573, y=-47.554340, z=0.001841)","Location(x=-110.568787, y=-47.508598, z=0.000000)",8.461129665374756,102,1,1,11.329376150517508,0.09752472519158141,10.651307229418308,18.454763882596307,0
277,-14.591213138372192,"Location(x=-112.329941, y=-52.801640, z=0.001672)","Location(x=-111.165291, y=-52.991253, z=0.000000)",10.72432827949524,129,1,2,13.586269651398332,0.06329669716752566,16.157518438703846,24.73774870598517,0
278,-23.802873614514706,"Location(x=-113.284821, y=-63.644871, z=0.001669)","Location(x=-112.494339, y=-63.674538, z=0.000000)",6.331264972686768,76,1,1,7.70425522152731,0.20296508665860502,5.380123912182171,15.124414829109071,0
279,-21.268149617717043,"Location(x=-113.210213, y=-61.143047, z=0.001850)","Location(x=-112.289848, y=-61.212208, z=0.000000)",7.605429649353027,92,1,1,9.27338451819255,0.1343305046085746,7.846727282128995,18.345048855522037,0
280,-31.151915799128428,"Location(x=-111.667412, y=18.243874, z=0.001793)","Location(x=-110.534492, y=18.216976, z=0.000000)",31.832852125167847,385,1,6,21.48908738810963,0.01316750965513326,76.49225783976726,37.02467459478942,0
281,-13.276444804108795,"Location(x=-109.186844, y=-38.670227, z=0.001857)","Location(x=-110.142159, y=-38.676682, z=0.000000)",13.93814730644226,163,1,1,12.958674760708893,0.052573026083416574,19.50352853621007,19.100668858756535,0
282,-20.119811096846256,"Location(x=-109.857117, y=-49.422173, z=0.001617)","Location(x=-110.741203, y=-49.356110, z=0.000000)",8.447407722473145,98,1,1,9.757528723541155,0.11949646621456246,8.80294509907253,17.37836590868335,0
283,-22.729465239228173,"Location(x=-113.277328, y=-63.874130, z=0.001705)","Location(x=-112.509666, y=-63.916489, z=0.000000)",6.011531829833984,68,1,1,8.23912717147891,0.21271350108803214,5.146411797468318,16.515854228220054,0
284,-17.169586468822242,"Location(x=-109.552765, y=-46.782578, z=0.001810)","Location(x=-110.506248, y=-46.748562, z=0.000000)",9.794298887252808,110,1,1,11.261742604125372,0.09112071447138176,11.414370141923428,19.975460100626634,0
285,-24.536976892972053,"Location(x=-113.175644, y=-61.899227, z=0.001617)","Location(x=-112.360382, y=-61.979057, z=0.000000)",10.043615818023682,104,1,1,7.374703948693405,0.1496140519336943,7.081389690429205,17.435107656711175,0
286,-29.465612933344854,"Location(x=-109.284546, y=-13.634338, z=0.001830)","Location(x=-110.298615, y=-13.673924, z=0.000000)",25.18301558494568,263,1,8,18.331869131998825,0.02267229928644776,44.53448326746002,30.169125859999184,0
287,-14.190153931474347,"Location(x=-111.705376, y=-46.594288, z=0.001839)","Location(x=-110.507423, y=-46.763344, z=0.000000)",12.396888256072998,150,1,2,16.187564543563482,0.04534235832955938,22.38822217757115,28.993468487420746,0
288,-21.21089776486589,"Location(x=-113.265938, y=-62.025967, z=0.001863)","Location(x=-112.369293, y=-62.083427, z=0.000000)",6.8042755126953125,82,1,1,9.250100629663615,0.1524287425606422,6.971637628274038,18.34665182743435,0
289,-16.026936510722347,"Location(x=-112.877968, y=-58.326332, z=0.001810)","Location(x=-111.950043, y=-58.407814, z=0.000000)",8.073338985443115,97,1,1,11.900558617940003,0.09760068596245956,10.630350771534722,20.378958244301927,0
290,-8.951937260888554,"Location(x=-109.188065, y=-37.961067, z=0.001691)","Location(x=-110.136185, y=-37.976788, z=0.000000)",12.276592493057251,148,1,1,14.786014058781705,0.05045461910914602,20.189688130107243,23.96307916219572,0
291,-19.927585876308743,"Location(x=-113.267227, y=-61.940395, z=0.001877)","Location(x=-112.364761, y=-62.030170, z=0.000000)",6.429971218109131,77,1,1,9.96472202345047,0.15026200695237393,7.057499237707816,18.31414838384873,0
292,-14.157581828933584,"Location(x=-109.531952, y=-45.028008, z=0.001783)","Location(x=-110.380882, y=-44.999710, z=0.000000)",9.580355882644653,113,1,1,12.628546766172764,0.07845274978013343,13.161492229788564,19.76836400957466,0
293,-15.902871820928453,"Location(x=-109.573257, y=-46.887054, z=0.001756)","Location(x=-110.514519, y=-46.852650, z=0.000000)",8.872969150543213,103,1,1,11.920685343109897,0.0920452504607029,11.31740689999424,18.51631264526966,0
294,-19.200670326808055,"Location(x=-112.605606, y=-56.060085, z=0.001822)","Location(x=-111.620537, y=-56.196514, z=0.000000)",12.756072521209717,136,1,1,10.272808338181427,0.08002224709940106,12.888054289767751,19.964844384746637,0
295,-39.34666960366322,"Location(x=-111.598213, y=25.961636, z=0.001873)","Location(x=-110.541771, y=26.013491, z=0.000000)",40.43753695487976,413,1,10,22.03271854027888,0.011955067293591292,84.172450596001,33.914448364386324,0
296,-12.239675817866855,"Location(x=-109.287773, y=-42.542793, z=0.001860)","Location(x=-110.247185, y=-42.517998, z=0.000000)",12.55864667892456,128,1,1,13.243969216594415,0.06552694070150823,15.648248472527484,22.86504485594114,0
297,-20.628731211793458,"Location(x=-113.186569, y=-61.285809, z=0.001841)","Location(x=-112.303726, y=-61.355247, z=0.000000)",8.561979055404663,88,1,1,9.502772670936297,0.13708865755490143,7.689045693114167,18.942771386625072,0
298,-20.809103665878144,"Location(x=-113.142838, y=-61.288960, z=0.001852)","Location(x=-112.303604, y=-61.353970, z=0.000000)",8.766491889953613,90,1,1,9.287284022700236,0.1376044162128547,7.686715431744233,18.822936810103478,0
299,-20.02619466014621,"Location(x=-112.818611, y=-57.110863, z=0.001810)","Location(x=-111.778435, y=-57.252441, z=0.000000)",10.858786582946777,116,1,2,11.077100683626233,0.08743756261861341,11.834322191192769,19.022630501434396,0
300,-23.336777360902893,"Location(x=-113.259453, y=-63.217571, z=0.001692)","Location(x=-112.461983, y=-63.230335, z=0.000000)",6.626696825027466,79,1,1,7.971367547472972,0.18696533144009608,5.80036460258998,13.993203164100102,0
